Artist,Song,URL
Muse,Pressure,https://genius.com/Muse-pressure-lyrics
Muse,Uprising,https://genius.com/Muse-uprising-lyrics
Muse,Mercy,https://genius.com/Muse-mercy-lyrics
Muse,Madness,https://genius.com/Muse-madness-lyrics
Muse,Feeling Good,https://genius.com/Muse-feeling-good-lyrics
Muse,Psycho,https://genius.com/Muse-psycho-lyrics
Muse,Starlight,https://genius.com/Muse-starlight-lyrics
Muse,The Dark Side,https://genius.com/Muse-the-dark-side-lyrics
Muse,Reapers,https://genius.com/Muse-reapers-lyrics
Muse,Dead Inside,https://genius.com/Muse-dead-inside-lyrics
Muse,Supermassive Black Hole,https://genius.com/Muse-supermassive-black-hole-lyrics
Muse,Knights of Cydonia,https://genius.com/Muse-knights-of-cydonia-lyrics
Muse,Plug In Baby,https://genius.com/Muse-plug-in-baby-lyrics
Muse,Resistance,https://genius.com/Muse-resistance-lyrics
Muse,Thought Contagion,https://genius.com/Muse-thought-contagion-lyrics
Muse,Hysteria,https://genius.com/Muse-hysteria-lyrics
Muse,Time Is Running Out,https://genius.com/Muse-time-is-running-out-lyrics
Muse,Algorithm,https://genius.com/Muse-algorithm-lyrics
Muse,Something Human,https://genius.com/Muse-something-human-lyrics
Muse,The Globalist,https://genius.com/Muse-the-globalist-lyrics
Muse,The Handler,https://genius.com/Muse-the-handler-lyrics
Muse,Undisclosed Desires,https://genius.com/Muse-undisclosed-desires-lyrics
Muse,Dig Down,https://genius.com/Muse-dig-down-lyrics
Muse,New Born,https://genius.com/Muse-new-born-lyrics
Muse,Stockholm Syndrome,https://genius.com/Muse-stockholm-syndrome-lyrics
Muse,Aftermath,https://genius.com/Muse-aftermath-lyrics
Muse,Defector,https://genius.com/Muse-defector-lyrics
Muse,Drones,https://genius.com/Muse-drones-lyrics
Muse,I Belong To You (+Mon Cœur S’ouvre a ta Voix),https://genius.com/Muse-i-belong-to-you-mon-cur-souvre-a-ta-voix-lyrics
Muse,Unintended,https://genius.com/Muse-unintended-lyrics
Muse,Propaganda,https://genius.com/Muse-propaganda-lyrics
Muse,Citizen Erased,https://genius.com/Muse-citizen-erased-lyrics
Muse,Supremacy,https://genius.com/Muse-supremacy-lyrics
Muse,Revolt,https://genius.com/Muse-revolt-lyrics
Muse,Bliss,https://genius.com/Muse-bliss-lyrics
Muse,Panic Station,https://genius.com/Muse-panic-station-lyrics
Muse,Map of the Problematique,https://genius.com/Muse-map-of-the-problematique-lyrics
Muse,Space Dementia,https://genius.com/Muse-space-dementia-lyrics
Muse,Break It To Me,https://genius.com/Muse-break-it-to-me-lyrics
Muse,Muscle Museum,https://genius.com/Muse-muscle-museum-lyrics
Muse,Butterflies and Hurricanes,https://genius.com/Muse-butterflies-and-hurricanes-lyrics
Muse,Sing for Absolution,https://genius.com/Muse-sing-for-absolution-lyrics
Muse,The Void,https://genius.com/Muse-the-void-lyrics
Muse,Sunburn,https://genius.com/Muse-sunburn-lyrics
Muse,[JFK],https://genius.com/Muse-jfk-lyrics
Muse,Thoughts of a Dying Atheist,https://genius.com/Muse-thoughts-of-a-dying-atheist-lyrics
Muse,Blockades,https://genius.com/Muse-blockades-lyrics
Muse,The 2nd Law: Unsustainable,https://genius.com/Muse-the-2nd-law-unsustainable-lyrics
Muse,Falling Away with You,https://genius.com/Muse-falling-away-with-you-lyrics
Muse,[Drill Sergeant],https://genius.com/Muse-drill-sergeant-lyrics
Muse,Micro Cuts,https://genius.com/Muse-micro-cuts-lyrics
Muse,Unnatural Selection,https://genius.com/Muse-unnatural-selection-lyrics
Muse,Showbiz,https://genius.com/Muse-showbiz-lyrics
Muse,Endlessly,https://genius.com/Muse-endlessly-lyrics
Muse,Survival,https://genius.com/Muse-survival-lyrics
Muse,Animals,https://genius.com/Muse-animals-lyrics
Muse,Get Up And Fight,https://genius.com/Muse-get-up-and-fight-lyrics
Muse,United States of Eurasia (+Collateral Damage),https://genius.com/Muse-united-states-of-eurasia-collateral-damage-lyrics
Muse,Explorers,https://genius.com/Muse-explorers-lyrics
Muse,Follow Me,https://genius.com/Muse-follow-me-lyrics
Muse,MK Ultra,https://genius.com/Muse-mk-ultra-lyrics
Muse,Take a Bow,https://genius.com/Muse-take-a-bow-lyrics
Muse,Blackout,https://genius.com/Muse-blackout-lyrics
Muse,Hyper Music,https://genius.com/Muse-hyper-music-lyrics
Muse,Invincible,https://genius.com/Muse-invincible-lyrics
Muse,Assassin,https://genius.com/Muse-assassin-lyrics
Muse,Apocalypse Please,https://genius.com/Muse-apocalypse-please-lyrics
Muse,Fury,https://genius.com/Muse-fury-lyrics
Muse,Megalomania,https://genius.com/Muse-megalomania-lyrics
Muse,The Small Print,https://genius.com/Muse-the-small-print-lyrics
Muse,The Dark Side (Alternate Reality Version),https://genius.com/Muse-the-dark-side-alternate-reality-version-lyrics
Muse,City of Delusion,https://genius.com/Muse-city-of-delusion-lyrics
Muse,Hoodoo,https://genius.com/Muse-hoodoo-lyrics
Muse,Exo-Politics,https://genius.com/Muse-exo-politics-lyrics
Muse,Darkshines,https://genius.com/Muse-darkshines-lyrics
Muse,Exogenesis: Symphony Part I (Overture),https://genius.com/Muse-exogenesis-symphony-part-i-overture-lyrics
Muse,Soldier’s Poem,https://genius.com/Muse-soldiers-poem-lyrics
Muse,Glorious,https://genius.com/Muse-glorious-lyrics
Muse,Guiding Light,https://genius.com/Muse-guiding-light-lyrics
Muse,Big Freeze,https://genius.com/Muse-big-freeze-lyrics
Muse,Exogenesis: Symphony Part III (Redemption),https://genius.com/Muse-exogenesis-symphony-part-iii-redemption-lyrics
Muse,Can’t Take My Eyes Off You,https://genius.com/Muse-cant-take-my-eyes-off-you-lyrics
Muse,Ruled by Secrecy,https://genius.com/Muse-ruled-by-secrecy-lyrics
Muse,Futurism,https://genius.com/Muse-futurism-lyrics
Muse,Screenager,https://genius.com/Muse-screenager-lyrics
Muse,Save Me,https://genius.com/Muse-save-me-lyrics
Muse,Uno,https://genius.com/Muse-uno-lyrics
Muse,Liquid State,https://genius.com/Muse-liquid-state-lyrics
Muse,Falling Down,https://genius.com/Muse-falling-down-lyrics
Muse,Exogenesis: Symphony Part II (Cross Pollination),https://genius.com/Muse-exogenesis-symphony-part-ii-cross-pollination-lyrics
Muse,The 2nd Law: Isolated System,https://genius.com/Muse-the-2nd-law-isolated-system-lyrics
Muse,Neutron Star Collision (Love Is Forever),https://genius.com/Muse-neutron-star-collision-love-is-forever-lyrics
Muse,Hate This and I’ll Love You,https://genius.com/Muse-hate-this-and-ill-love-you-lyrics
Muse,Cave,https://genius.com/Muse-cave-lyrics
Muse,Escape,https://genius.com/Muse-escape-lyrics
Muse,Sober,https://genius.com/Muse-sober-lyrics
Muse,Fillip,https://genius.com/Muse-fillip-lyrics
Muse,Dead Star,https://genius.com/Muse-dead-star-lyrics
Muse,Eternally Missed,https://genius.com/Muse-eternally-missed-lyrics
Muse,Hyper Chondriac Music,https://genius.com/Muse-hyper-chondriac-music-lyrics
Muse,Interlude,https://genius.com/Muse-interlude-lyrics
Muse,Algorithm (Alternate Reality Version),https://genius.com/Muse-algorithm-alternate-reality-version-lyrics
Muse,Map of Your Head,https://genius.com/Muse-map-of-your-head-lyrics
Muse,Spiral Static,https://genius.com/Muse-spiral-static-lyrics
Muse,Shine,https://genius.com/Muse-shine-lyrics
Muse,Overdue,https://genius.com/Muse-overdue-lyrics
Muse,Easily,https://genius.com/Muse-easily-lyrics
Muse,Recess,https://genius.com/Muse-recess-lyrics
Muse,Shrinking Universe,https://genius.com/Muse-shrinking-universe-lyrics
Muse,Yes Please,https://genius.com/Muse-yes-please-lyrics
Muse,New Kind Of Kick,https://genius.com/Muse-new-kind-of-kick-lyrics
Muse,Intro,https://genius.com/Muse-intro-lyrics
Muse,Dig Down (Acoustic Gospel Version),https://genius.com/Muse-dig-down-acoustic-gospel-version-lyrics
Muse,In Your World,https://genius.com/Muse-in-your-world-lyrics
Muse,Nature_1,https://genius.com/Muse-nature-1-lyrics
Muse,Host,https://genius.com/Muse-host-lyrics
Muse,Prelude,https://genius.com/Muse-prelude-lyrics
Muse,Assassin (Grand Omega Bosses Edit),https://genius.com/Muse-assassin-grand-omega-bosses-edit-lyrics
Muse,Ashamed,https://genius.com/Muse-ashamed-lyrics
Muse,Forced In,https://genius.com/Muse-forced-in-lyrics
Muse,Execution Commentary,https://genius.com/Muse-execution-commentary-lyrics
Muse,Con-Science,https://genius.com/Muse-con-science-lyrics
Muse,Agitated,https://genius.com/Muse-agitated-lyrics
Muse,Pressure (Ft. UCLA Bruin Marching Band),https://genius.com/Muse-pressure-ft-ucla-bruin-marching-band-lyrics
Muse,Something Human (Acoustic Version),https://genius.com/Muse-something-human-acoustic-version-lyrics
Muse,The Void (Acoustic Version),https://genius.com/Muse-the-void-acoustic-version-lyrics
Muse,Break It To Me (Sam De Jong Remix),https://genius.com/Muse-break-it-to-me-sam-de-jong-remix-lyrics
Muse,The Groove,https://genius.com/Muse-the-groove-lyrics
Muse,I Belong to You (New Moon Remix),https://genius.com/Muse-i-belong-to-you-new-moon-remix-lyrics
Muse,Crying Shame,https://genius.com/Muse-crying-shame-lyrics
Muse,Shine (Acoustic),https://genius.com/Muse-shine-acoustic-lyrics
Muse,Propaganda (Acoustic Version),https://genius.com/Muse-propaganda-acoustic-version-lyrics
Muse,Drones [Booklet],https://genius.com/Muse-drones-booklet-annotated
Muse,Coma,https://genius.com/Muse-coma-lyrics
Muse,Pink Ego Box/ Instant Messenger,https://genius.com/Muse-pink-ego-box-instant-messenger-lyrics
Muse,Jimmy Kane,https://genius.com/Muse-jimmy-kane-lyrics
Muse,The Dark Side (Alternate Reality Version Instrumental),https://genius.com/Muse-the-dark-side-alternate-reality-version-instrumental-lyrics
Muse,The Resistance [Album Art],https://genius.com/Muse-the-resistance-album-art-annotated
Muse,You Funky Motherfucker,https://genius.com/Muse-you-funky-motherfucker-lyrics
Muse,Plug In Baby (demo),https://genius.com/Muse-plug-in-baby-demo-lyrics
Muse,Lithium,https://genius.com/Muse-lithium-lyrics
Muse,House Of The Rising Sun,https://genius.com/Muse-house-of-the-rising-sun-lyrics
Muse,Rain,https://genius.com/Muse-rain-lyrics
Muse,Thought Contagion (Live),https://genius.com/Muse-thought-contagion-live-lyrics
Muse,America,https://genius.com/Muse-america-lyrics
Muse,Twin,https://genius.com/Muse-twin-lyrics
Muse,Sign O’ the Times,https://genius.com/Muse-sign-o-the-times-lyrics
Muse,The Gallery,https://genius.com/Muse-the-gallery-lyrics
Muse,Back in Black,https://genius.com/Muse-back-in-black-lyrics
Muse,"Please, Please, Please, Let Me Get What I Want",https://genius.com/Muse-please-please-please-let-me-get-what-i-want-lyrics
Muse,Prague,https://genius.com/Muse-prague-lyrics
Muse,Who Knows Who,https://genius.com/Muse-who-knows-who-lyrics
Muse,Madness - Live At Rome Olympic Stadium,https://genius.com/Muse-madness-live-at-rome-olympic-stadium-lyrics
Muse,Boredom,https://genius.com/Muse-boredom-lyrics
Muse,Hungry Like The Wolf,https://genius.com/Muse-hungry-like-the-wolf-lyrics
Muse,Soaked,https://genius.com/Muse-soaked-lyrics
Muse,Falling With The Crowd,https://genius.com/Muse-falling-with-the-crowd-lyrics
Muse,Crazy Days,https://genius.com/Muse-crazy-days-lyrics
Muse,Do We Need This?,https://genius.com/Muse-do-we-need-this-lyrics
Muse,Plug in Baby [Enhanced],https://genius.com/Muse-plug-in-baby-enhanced-lyrics
Muse,Starlight - Live At Rome Olympic Stadium,https://genius.com/Muse-starlight-live-at-rome-olympic-stadium-lyrics
Muse,Backdoor,https://genius.com/Muse-backdoor-lyrics
Muse,Muscle Museum #2,https://genius.com/Muse-muscle-museum-2-lyrics
Muse,Balloonatic,https://genius.com/Muse-balloonatic-lyrics
Muse,Instant Messenger,https://genius.com/Muse-instant-messenger-lyrics
Muse,Minimum,https://genius.com/Muse-minimum-lyrics
Muse,Feeling Good - HAARP,https://genius.com/Muse-feeling-good-haarp-lyrics
Muse,Do We Need This (demo),https://genius.com/Muse-do-we-need-this-demo-lyrics
Muse,Sunburn (demo),https://genius.com/Muse-sunburn-demo-lyrics
Muse,Feeling Good (Live),https://genius.com/Muse-feeling-good-live-lyrics
Muse,Where The Streets Have No Name,https://genius.com/Muse-where-the-streets-have-no-name-lyrics
Muse,Uprising - Live At Rome Olympic Stadium,https://genius.com/Muse-uprising-live-at-rome-olympic-stadium-lyrics
Muse,Nishe,https://genius.com/Muse-nishe-lyrics
Muse,Cut Me Down,https://genius.com/Muse-cut-me-down-lyrics
Muse,Bedroom Acoustics,https://genius.com/Muse-bedroom-acoustics-lyrics
Skone,Di notte….,https://genius.com/Skone-di-notte-lyrics
Muse,Connect The Kettle Lead,https://genius.com/Muse-connect-the-kettle-lead-lyrics
Muse,Timescale Keeper/Burning Bandits,https://genius.com/Muse-timescale-keeper-burning-bandits-lyrics
Muse,Resistance - Live At Rome Olympic Stadium,https://genius.com/Muse-resistance-live-at-rome-olympic-stadium-lyrics
Muse,Sing For Absolution (Acoustic Radio 2),https://genius.com/Muse-sing-for-absolution-acoustic-radio-2-lyrics
Muse,Sling,https://genius.com/Muse-sling-lyrics
Genius,Artist Archive: Muse,https://genius.com/Genius-artist-archive-muse-annotated
Muse,Hysteria [Live From Wembley Stadium],https://genius.com/Muse-hysteria-live-from-wembley-stadium-lyrics
Muse,Starlight (AOL Session),https://genius.com/Muse-starlight-aol-session-lyrics
Muse,Explorers - Live At Rome Olympic Stadium,https://genius.com/Muse-explorers-live-at-rome-olympic-stadium-lyrics
Muse,Resistance (Tiësto Remix),https://genius.com/Muse-resistance-tiesto-remix-lyrics
Muse,Jigsaw memory,https://genius.com/Muse-jigsaw-memory-lyrics
Muse,"Who Knows, Who Cares",https://genius.com/Muse-who-knows-who-cares-lyrics
Muse,Follow Me - Live At Rome Olympic Stadium,https://genius.com/Muse-follow-me-live-at-rome-olympic-stadium-lyrics
Muse,Piano Thing,https://genius.com/Muse-piano-thing-lyrics
Muse,Uprising (Does It Offend You Yeah Remix),https://genius.com/Muse-uprising-does-it-offend-you-yeah-remix-lyrics
Muse,You Fucking Motherfucker,https://genius.com/Muse-you-fucking-motherfucker-lyrics
Muse,Feed,https://genius.com/Muse-feed-lyrics
Muse,Knights of Cydonia [Live],https://genius.com/Muse-knights-of-cydonia-live-lyrics
Muse,Agitated (demo),https://genius.com/Muse-agitated-demo-lyrics
Muse,Good News,https://genius.com/Muse-good-news-lyrics
Muse,Forameus,https://genius.com/Muse-forameus-lyrics
Muse,Emotion Coming,https://genius.com/Muse-emotion-coming-lyrics
Muse,New One,https://genius.com/Muse-new-one-lyrics
Muse,Butterflies and Hurricanes (Remix With Additional Guitars Full Length Version),https://genius.com/Muse-butterflies-and-hurricanes-remix-with-additional-guitars-full-length-version-lyrics
Muse,Undisclosed Desires (Thin White Duke Remix),https://genius.com/Muse-undisclosed-desires-thin-white-duke-remix-lyrics
Muse,Panic Station (Alternate Version Mixed by Madeon),https://genius.com/Muse-panic-station-alternate-version-mixed-by-madeon-lyrics
Muse,Animals - Live At Rome Olympic Stadium,https://genius.com/Muse-animals-live-at-rome-olympic-stadium-lyrics
Muse,Weakening Walls,https://genius.com/Muse-weakening-walls-lyrics
Muse,Knights Of Cydonia [AOL Session],https://genius.com/Muse-knights-of-cydonia-aol-session-lyrics
Muse,Supermassive Black Hole (Phones Control Voltage Remix),https://genius.com/Muse-supermassive-black-hole-phones-control-voltage-remix-lyrics
Muse,Showbiz (demo),https://genius.com/Muse-showbiz-demo-lyrics
Muse,Hate This And I’ll Love You (demo),https://genius.com/Muse-hate-this-and-ill-love-you-demo-lyrics
Muse,Guiding Light - Live At Rome Olympic Stadium,https://genius.com/Muse-guiding-light-live-at-rome-olympic-stadium-lyrics
Muse,Popcorn,https://genius.com/Muse-popcorn-lyrics
Muse,Man of Mystery/Spanish Riff,https://genius.com/Muse-man-of-mystery-spanish-riff-lyrics
Muse,Supermassive Black Hole (Live From Lisbon),https://genius.com/Muse-supermassive-black-hole-live-from-lisbon-lyrics
Muse,Coma (demo),https://genius.com/Muse-coma-demo-lyrics
Muse,"Map Of The Problematique (Does It Offend You, Yeah? Remix)",https://genius.com/Muse-map-of-the-problematique-does-it-offend-you-yeah-remix-lyrics
Muse,Muscle Museum [US Mix],https://genius.com/Muse-muscle-museum-us-mix-lyrics
Muse,Dark Shines (Live),https://genius.com/Muse-dark-shines-live-lyrics
Muse,Panic Station - Live At Rome Olympic Stadium,https://genius.com/Muse-panic-station-live-at-rome-olympic-stadium-lyrics
Muse,Spiral Static (demo),https://genius.com/Muse-spiral-static-demo-lyrics
Muse,Natural Disaster,https://genius.com/Muse-natural-disaster-lyrics
Muse,No Brand Girls,https://genius.com/Muse-no-brand-girls-annotated
Muse,Butterflies and Hurricanes (Live at Glastonbury 2004),https://genius.com/Muse-butterflies-and-hurricanes-live-at-glastonbury-2004-lyrics
Muse,Stockholm Syndrome [Live From Wembley Stadium],https://genius.com/Muse-stockholm-syndrome-live-from-wembley-stadium-lyrics
Muse,Cave (Newton Abbot Demo),https://genius.com/Muse-cave-newton-abbot-demo-lyrics
Muse,Uprising (Live From Teignmouth),https://genius.com/Muse-uprising-live-from-teignmouth-lyrics
Muse,Overdue (demo),https://genius.com/Muse-overdue-demo-lyrics
Muse,Spectrum,https://genius.com/Muse-spectrum-lyrics
Fish f McSwagg,Lona,https://genius.com/Fish-f-mcswagg-lona-lyrics
Muse,"Sunburn (Live, Fortress Studios, 1999)",https://genius.com/Muse-sunburn-live-fortress-studios-1999-lyrics
Muse,Plug in Baby (Live),https://genius.com/Muse-plug-in-baby-live-lyrics
Muse,Do We Need This? (Live),https://genius.com/Muse-do-we-need-this-live-lyrics
Muse,City Of Delusion [Live From Wembley Stadium],https://genius.com/Muse-city-of-delusion-live-from-wembley-stadium-lyrics
Muse,Earthquake,https://genius.com/Muse-earthquake-lyrics
Muse,New Born (Oakenfold Perfecto Remix),https://genius.com/Muse-new-born-oakenfold-perfecto-remix-lyrics
Muse,Micro Cuts - HAARP [Live From Wembley Stadium],https://genius.com/Muse-micro-cuts-haarp-live-from-wembley-stadium-lyrics
Muse,Hyper Music (Live),https://genius.com/Muse-hyper-music-live-lyrics
Muse,Map Of The Problematique (AOL Session),https://genius.com/Muse-map-of-the-problematique-aol-session-lyrics
Muse,Muscle Museum (Soulwax Remix),https://genius.com/Muse-muscle-museum-soulwax-remix-lyrics
Muse,Sober [Saint US Mix],https://genius.com/Muse-sober-saint-us-mix-lyrics
Muse,Resistance [Radio Edit],https://genius.com/Muse-resistance-radio-edit-lyrics
Muse,Undisclosed Desires (The Big Pink Remix),https://genius.com/Muse-undisclosed-desires-the-big-pink-remix-lyrics
Muse,Fillip (Live),https://genius.com/Muse-fillip-live-lyrics
Muse,Sunburn [Timo Maas’ Sunstroke Remix],https://genius.com/Muse-sunburn-timo-maas-sunstroke-remix-lyrics
Muse,Invincible (Live in Milan),https://genius.com/Muse-invincible-live-in-milan-lyrics
Muse,Resistance (Live from Lisbon),https://genius.com/Muse-resistance-live-from-lisbon-lyrics
Muse,Knights Of Cydonia (Simian Mobile Disco Remix) - B-side Version,https://genius.com/Muse-knights-of-cydonia-simian-mobile-disco-remix-b-side-version-lyrics
Muse,New Born (Live),https://genius.com/Muse-new-born-live-lyrics
Muse,Hate This and I’ll Love You (Live Acoustic),https://genius.com/Muse-hate-this-and-ill-love-you-live-acoustic-lyrics
Muse,Uno (Alternate Version),https://genius.com/Muse-uno-alternate-version-lyrics
Muse,Fashionless,https://genius.com/Muse-fashionless-annotated
Muse,Pink Ego Box,https://genius.com/Muse-pink-ego-box-lyrics
Muse,Follow Me (Jacques Lu Cont’s Thin White Duke Remix),https://genius.com/Muse-follow-me-jacques-lu-conts-thin-white-duke-remix-lyrics
Muse,"Starlight (Live From San Siro, Milan)",https://genius.com/Muse-starlight-live-from-san-siro-milan-lyrics
Muse,Muscle Museum (Live Acoustic Version Kcrw - 8/3/99),https://genius.com/Muse-muscle-museum-live-acoustic-version-kcrw-8-3-99-lyrics
Muse,Falling Down (Live Acoustic),https://genius.com/Muse-falling-down-live-acoustic-lyrics
Muse,Time Is Running Out [XFM Session Track] [Bonus XFM Session Out],https://genius.com/Muse-time-is-running-out-xfm-session-track-bonus-xfm-session-out-lyrics
Muse,"Stockholm Syndrome (Live From Stade De France, Paris)",https://genius.com/Muse-stockholm-syndrome-live-from-stade-de-france-paris-lyrics
Muse,Map of the Problematique [DVD],https://genius.com/Muse-map-of-the-problematique-dvd-lyrics
Muse,Uno (Live),https://genius.com/Muse-uno-live-lyrics
Muse,Escape (Live),https://genius.com/Muse-escape-live-lyrics
Muse,Sober (Live),https://genius.com/Muse-sober-live-lyrics
Muse,Knights of Cydonia [DVD],https://genius.com/Muse-knights-of-cydonia-dvd-lyrics
Muse,Agitated (Live),https://genius.com/Muse-agitated-live-lyrics
Muse,Cave [Remix],https://genius.com/Muse-cave-remix-lyrics
Muse,Unintended (Muscle Museum EP Version),https://genius.com/Muse-unintended-muscle-museum-ep-version-lyrics
Muse,Sunburn (Live),https://genius.com/Muse-sunburn-live-lyrics
Muse,Screenager (Live),https://genius.com/Muse-screenager-live-lyrics
Muse,Cave (Muse EP Version),https://genius.com/Muse-cave-muse-ep-version-lyrics
Muse,Undisclosed Desires (Thin White Duke Remix Edit),https://genius.com/Muse-undisclosed-desires-thin-white-duke-remix-edit-lyrics
Muse,Jimmy Kane (Newton Abbot Demo),https://genius.com/Muse-jimmy-kane-newton-abbot-demo-lyrics
Muse,Overdue (EOS Ruff Mixes),https://genius.com/Muse-overdue-eos-ruff-mixes-lyrics
Muse,Sunburn (Steven McCreery Remix),https://genius.com/Muse-sunburn-steven-mccreery-remix-lyrics
Werd,Madness (Remix),https://genius.com/Werd-madness-remix-lyrics
Muse,"Showbiz (Live, Sawmills Studios, 1998)",https://genius.com/Muse-showbiz-live-sawmills-studios-1998-lyrics
Muse,Cave (Instrumental Remix),https://genius.com/Muse-cave-instrumental-remix-lyrics
Sh!eldZ,Madness (Remix),https://genius.com/Sh-eldz-madness-remix-lyrics
Muse,Agitated (Newton Abbot Demo),https://genius.com/Muse-agitated-newton-abbot-demo-lyrics
Muse,Coma (Newton Abbot Demo),https://genius.com/Muse-coma-newton-abbot-demo-lyrics
Muse,Host (1997 demo),https://genius.com/Muse-host-1997-demo-lyrics
Muse,Sunburn (Timo Maas Breakz Again Remix),https://genius.com/Muse-sunburn-timo-maas-breakz-again-remix-lyrics
Muse,Ashamed (Newton Abbot Demo),https://genius.com/Muse-ashamed-newton-abbot-demo-lyrics
Muse,Sober (Muscle Museum EP Version),https://genius.com/Muse-sober-muscle-museum-ep-version-lyrics
Muse,Overdue (Muse EP Version),https://genius.com/Muse-overdue-muse-ep-version-lyrics
Muse,"Do We Need This? (Live, Fortress Studios, 1999)",https://genius.com/Muse-do-we-need-this-live-fortress-studios-1999-lyrics
Muse,Coma (Muse EP Version),https://genius.com/Muse-coma-muse-ep-version-lyrics
Muse,Sober (Newton Abbot Demo),https://genius.com/Muse-sober-newton-abbot-demo-lyrics
Muse,"Overdue (Live, Fortress Studios, 1999)",https://genius.com/Muse-overdue-live-fortress-studios-1999-lyrics
Muse,Overdue (Newton Abbot Demo),https://genius.com/Muse-overdue-newton-abbot-demo-lyrics
Muse,Escape (Muse EP Version),https://genius.com/Muse-escape-muse-ep-version-lyrics
P!nk,What About Us,https://genius.com/P-nk-what-about-us-lyrics
P!nk,Just Give Me a Reason,https://genius.com/P-nk-just-give-me-a-reason-lyrics
Cashmere Cat,Quit,https://genius.com/Cashmere-cat-quit-lyrics
"Lil’ Kim, Mýa, Christina Aguilera & P!nk",Lady Marmalade,https://genius.com/Lil-kim-mya-christina-aguilera-and-p-nk-lady-marmalade-lyrics
Eminem,Won’t Back Down,https://genius.com/Eminem-wont-back-down-lyrics
Eminem,Need Me,https://genius.com/Eminem-need-me-lyrics
P!nk,Beautiful Trauma,https://genius.com/P-nk-beautiful-trauma-lyrics
P!nk,Revenge,https://genius.com/P-nk-revenge-lyrics
Artists For Haiti,We Are The World 25 For Haiti,https://genius.com/Artists-for-haiti-we-are-the-world-25-for-haiti-lyrics
P!nk,Just Like Fire,https://genius.com/P-nk-just-like-fire-lyrics
P!nk,Try,https://genius.com/P-nk-try-lyrics
T.I.,Guns and Roses,https://genius.com/Ti-guns-and-roses-lyrics
Various Artists,Hands,https://genius.com/Various-artists-hands-lyrics
StarGate,Waterfall,https://genius.com/Stargate-waterfall-lyrics
P!nk,So What,https://genius.com/P-nk-so-what-lyrics
P!nk,Walk Me Home,https://genius.com/P-nk-walk-me-home-lyrics
P!nk,Who Knew,https://genius.com/P-nk-who-knew-lyrics
P!nk,Fuckin’ Perfect,https://genius.com/P-nk-fuckin-perfect-lyrics
The Lonely Island,Equal Rights,https://genius.com/The-lonely-island-equal-rights-lyrics
P!nk,Blow Me (One Last Kiss),https://genius.com/P-nk-blow-me-one-last-kiss-lyrics
P!nk,True Love,https://genius.com/P-nk-true-love-lyrics
P!nk,Hurts 2B Human,https://genius.com/P-nk-hurts-2b-human-lyrics
P!nk,A Million Dreams,https://genius.com/P-nk-a-million-dreams-lyrics
P!nk,Dear Mr. President,https://genius.com/P-nk-dear-mr-president-lyrics
P!nk,I Am Here,https://genius.com/P-nk-i-am-here-lyrics
P!nk,Sober,https://genius.com/P-nk-sober-lyrics
P!nk,Whatever You Want,https://genius.com/P-nk-whatever-you-want-lyrics
P!nk,Get the Party Started,https://genius.com/P-nk-get-the-party-started-lyrics
P!nk,Raise Your Glass,https://genius.com/P-nk-raise-your-glass-lyrics
P!nk,90 Days,https://genius.com/P-nk-90-days-lyrics
P!nk,For Now,https://genius.com/P-nk-for-now-lyrics
Adam Lambert,Whataya Want From Me,https://genius.com/Adam-lambert-whataya-want-from-me-lyrics
P!nk,Can We Pretend,https://genius.com/P-nk-can-we-pretend-lyrics
P!nk,But We Lost It,https://genius.com/P-nk-but-we-lost-it-lyrics
P!nk,Wild Hearts Can’t Be Broken,https://genius.com/P-nk-wild-hearts-cant-be-broken-lyrics
You+Me,You and Me,https://genius.com/You-me-you-and-me-lyrics
P!nk,Secrets,https://genius.com/P-nk-secrets-lyrics
Céline Dion,Recovering,https://genius.com/Celine-dion-recovering-lyrics
P!nk,Barbies,https://genius.com/P-nk-barbies-lyrics
P!nk,U + Ur Hand,https://genius.com/P-nk-u-ur-hand-lyrics
P!nk,Just Like a Pill,https://genius.com/P-nk-just-like-a-pill-lyrics
P!nk,Family Portrait,https://genius.com/P-nk-family-portrait-lyrics
P!nk,Stupid Girls,https://genius.com/P-nk-stupid-girls-lyrics
Kelly Clarkson,Broken & Beautiful,https://genius.com/Kelly-clarkson-broken-and-beautiful-lyrics
P!nk,Better Life,https://genius.com/P-nk-better-life-lyrics
P!nk,Where We Go,https://genius.com/P-nk-where-we-go-lyrics
P!nk,Here Comes the Weekend,https://genius.com/P-nk-here-comes-the-weekend-lyrics
P!nk,Glitter in the Air,https://genius.com/P-nk-glitter-in-the-air-lyrics
P!nk,Please Don’t Leave Me,https://genius.com/P-nk-please-dont-leave-me-lyrics
P!nk,Don’t Let Me Get Me,https://genius.com/P-nk-dont-let-me-get-me-lyrics
P!nk,Love Me Anyway,https://genius.com/P-nk-love-me-anyway-lyrics
P!nk,Hustle,https://genius.com/P-nk-hustle-lyrics
P!nk,Funhouse,https://genius.com/P-nk-funhouse-lyrics
P!nk,You Get My Love,https://genius.com/P-nk-you-get-my-love-lyrics
P!nk,Today’s the Day,https://genius.com/P-nk-todays-the-day-lyrics
Kenny Chesney,Setting the World on Fire,https://genius.com/Kenny-chesney-setting-the-world-on-fire-lyrics
P!nk,Happy,https://genius.com/P-nk-happy-lyrics
"Elton John, P!nk & Logic",Bennie and the Jets (2018 Version),https://genius.com/Elton-john-p-nk-and-logic-bennie-and-the-jets-2018-version-lyrics
P!nk,(Hey Why) Miss You Sometime,https://genius.com/P-nk-hey-why-miss-you-sometime-lyrics
P!nk,Circle Game,https://genius.com/P-nk-circle-game-lyrics
P!nk,Courage,https://genius.com/P-nk-courage-lyrics
P!nk,My Attic,https://genius.com/P-nk-my-attic-lyrics
P!nk,Slut Like You,https://genius.com/P-nk-slut-like-you-lyrics
P!nk,The Last Song of Your Life,https://genius.com/P-nk-the-last-song-of-your-life-lyrics
P!nk,I Don’t Believe You,https://genius.com/P-nk-i-dont-believe-you-lyrics
P!nk,Perfect (Clean Radio Edit),https://genius.com/P-nk-perfect-clean-radio-edit-lyrics
P!nk,We Could Have It All,https://genius.com/P-nk-we-could-have-it-all-lyrics
P!nk,The Great Escape,https://genius.com/P-nk-the-great-escape-lyrics
P!nk,What’s Up,https://genius.com/P-nk-whats-up-lyrics
P!nk,I’m Not Dead,https://genius.com/P-nk-im-not-dead-lyrics
P!nk,The Truth About Love,https://genius.com/P-nk-the-truth-about-love-lyrics
P!nk,Are We All We Are,https://genius.com/P-nk-are-we-all-we-are-lyrics
P!nk,Run,https://genius.com/P-nk-run-lyrics
“Weird Al” Yankovic,Polka Face,https://genius.com/Weird-al-yankovic-polka-face-lyrics
P!nk,Beam Me Up,https://genius.com/P-nk-beam-me-up-lyrics
P!nk,There You Go,https://genius.com/P-nk-there-you-go-lyrics
P!nk,Most Girls,https://genius.com/P-nk-most-girls-lyrics
P!nk,Me And Bobby McGee,https://genius.com/P-nk-me-and-bobby-mcgee-lyrics
P!nk,Nobody Knows,https://genius.com/P-nk-nobody-knows-lyrics
P!nk,Trouble,https://genius.com/P-nk-trouble-lyrics
P!nk,More,https://genius.com/P-nk-more-lyrics
P!nk,White Rabbit,https://genius.com/P-nk-white-rabbit-lyrics
P!nk,Bad Influence,https://genius.com/P-nk-bad-influence-lyrics
P!nk,Time After Time,https://genius.com/P-nk-time-after-time-lyrics
P!nk,God Is a DJ,https://genius.com/P-nk-god-is-a-dj-lyrics
P!nk,You Make Me Sick,https://genius.com/P-nk-you-make-me-sick-lyrics
You+Me,Break the Cycle,https://genius.com/You-me-break-the-cycle-lyrics
P!nk,Walk of Shame,https://genius.com/P-nk-walk-of-shame-lyrics
P!nk,Leave Me Alone (I’m Lonely),https://genius.com/P-nk-leave-me-alone-im-lonely-lyrics
P!nk,’Cuz I Can,https://genius.com/P-nk-cuz-i-can-lyrics
P!nk,Bridge of Light,https://genius.com/P-nk-bridge-of-light-lyrics
P!nk,Ave Mary A,https://genius.com/P-nk-ave-mary-a-lyrics
P!nk,It’s All Your Fault,https://genius.com/P-nk-its-all-your-fault-lyrics
P!nk,Whataya Want From Me,https://genius.com/P-nk-whataya-want-from-me-lyrics
P!nk,How Come You’re Not Here,https://genius.com/P-nk-how-come-youre-not-here-lyrics
P!nk,Chaos & Piss,https://genius.com/P-nk-chaos-and-piss-lyrics
You+Me,No Ordinary Love,https://genius.com/You-me-no-ordinary-love-lyrics
P!nk,Crystal Ball,https://genius.com/P-nk-crystal-ball-lyrics
P!nk,Fingers,https://genius.com/P-nk-fingers-lyrics
P!nk,Long Way to Happy,https://genius.com/P-nk-long-way-to-happy-lyrics
You+Me,Capsized,https://genius.com/You-me-capsized-lyrics
You+Me,Unbeliever,https://genius.com/You-me-unbeliever-lyrics
P!nk,Is This Thing On?,https://genius.com/P-nk-is-this-thing-on-lyrics
P!nk,M!ssundaztood,https://genius.com/P-nk-m-ssundaztood-lyrics
P!nk,What About Us (Cash Cash Remix),https://genius.com/P-nk-what-about-us-cash-cash-remix-lyrics
P!nk,Where Did the Beat Go?,https://genius.com/P-nk-where-did-the-beat-go-lyrics
You+Me,Second Guess,https://genius.com/You-me-second-guess-lyrics
Glee Cast,Perfect,https://genius.com/Glee-cast-perfect-lyrics
P!nk,Conversations With My 13 Year Old Self,https://genius.com/P-nk-conversations-with-my-13-year-old-self-lyrics
P!nk,Mean,https://genius.com/P-nk-mean-lyrics
You+Me,Love Gone Wrong,https://genius.com/You-me-love-gone-wrong-annotated
P!nk,Can’t Take Me Home,https://genius.com/P-nk-cant-take-me-home-lyrics
Glee Cast,Blow Me (One Last Kiss),https://genius.com/Glee-cast-blow-me-one-last-kiss-lyrics
P!nk,The King Is Dead but the Queen Is Alive,https://genius.com/P-nk-the-king-is-dead-but-the-queen-is-alive-lyrics
You+Me,Gently,https://genius.com/You-me-gently-lyrics
You+Me,Open Door,https://genius.com/You-me-open-door-lyrics
One Direction,Nobody Knows (Live),https://genius.com/One-direction-nobody-knows-live-lyrics
P!nk,My Signature Move,https://genius.com/P-nk-my-signature-move-lyrics
P!nk,18 Wheeler,https://genius.com/P-nk-18-wheeler-lyrics
P!nk,The One That Got Away,https://genius.com/P-nk-the-one-that-got-away-lyrics
P!nk,Timebomb,https://genius.com/P-nk-timebomb-lyrics
P!nk,Runaway,https://genius.com/P-nk-runaway-lyrics
P!nk,Good Old Days,https://genius.com/P-nk-good-old-days-lyrics
P!nk,Boring,https://genius.com/P-nk-boring-lyrics
P!nk,Love Song,https://genius.com/P-nk-love-song-lyrics
P!nk,One Foot Wrong,https://genius.com/P-nk-one-foot-wrong-lyrics
You+Me,From A Closet In Norway (Oslo Blues),https://genius.com/You-me-from-a-closet-in-norway-oslo-blues-annotated
Glee Cast,Raise Your Glass,https://genius.com/Glee-cast-raise-your-glass-lyrics
KIDZ BOP Kids,What About Us,https://genius.com/Kidz-bop-kids-what-about-us-lyrics
P!nk,Misery,https://genius.com/P-nk-misery-lyrics
Herbie Hancock,Don’t Give Up,https://genius.com/Herbie-hancock-dont-give-up-lyrics
P!nk,Split Personality,https://genius.com/P-nk-split-personality-lyrics
Pinkie Pie,Make a Wish,https://genius.com/Pinkie-pie-make-a-wish-lyrics
P!nk,This Is How It Goes Down,https://genius.com/P-nk-this-is-how-it-goes-down-lyrics
P!nk,Why Did I Ever Like You,https://genius.com/P-nk-why-did-i-ever-like-you-lyrics
Cher,I Walk Alone,https://genius.com/Cher-i-walk-alone-lyrics
P!nk,Get the Party Started (Sweet Dreams Mix),https://genius.com/P-nk-get-the-party-started-sweet-dreams-mix-lyrics
P!nk,Numb,https://genius.com/P-nk-numb-lyrics
Glee Cast,Just Give Me a Reason,https://genius.com/Glee-cast-just-give-me-a-reason-lyrics
P!nk,I Have Seen the Rain,https://genius.com/P-nk-i-have-seen-the-rain-lyrics
P!nk,My Vietnam,https://genius.com/P-nk-my-vietnam-lyrics
P!nk,I Got Money Now,https://genius.com/P-nk-i-got-money-now-lyrics
P!nk,Lonely Girl,https://genius.com/P-nk-lonely-girl-lyrics
P!nk,Bohemian Rhapsody,https://genius.com/P-nk-bohemian-rhapsody-lyrics
P!nk,Tell Me Something Good,https://genius.com/P-nk-tell-me-something-good-lyrics
P!nk,Dear Diary,https://genius.com/P-nk-dear-diary-lyrics
P!nk,Feel Good Time,https://genius.com/P-nk-feel-good-time-lyrics
P!nk,Eventually,https://genius.com/P-nk-eventually-lyrics
P!nk,When We’re Through,https://genius.com/P-nk-when-were-through-lyrics
P!nk,What About Us (Pink Panda Remix),https://genius.com/P-nk-what-about-us-pink-panda-remix-lyrics
P!nk,Heartbreak Down,https://genius.com/P-nk-heartbreak-down-lyrics
P!nk,Respect,https://genius.com/P-nk-respect-lyrics
P!nk,Stop Falling,https://genius.com/P-nk-stop-falling-lyrics
P!nk,Oh My God,https://genius.com/P-nk-oh-my-god-lyrics
P!nk,Last to Know,https://genius.com/P-nk-last-to-know-lyrics
P!nk,What About Us (Tiësto’s AFTR:HRS Remix),https://genius.com/P-nk-what-about-us-tiestos-aftr-hrs-remix-lyrics
P!nk,Push You Away,https://genius.com/P-nk-push-you-away-lyrics
Cher,Lie to Me,https://genius.com/Cher-lie-to-me-lyrics
P!nk,Catch-22,https://genius.com/P-nk-catch-22-lyrics
P!nk,Heartbreaker,https://genius.com/P-nk-heartbreaker-lyrics
P!nk,Centerfold,https://genius.com/P-nk-centerfold-lyrics
P!nk,Could’ve Had Everything,https://genius.com/P-nk-couldve-had-everything-lyrics
P!nk,Love Is Such a Crazy Thing,https://genius.com/P-nk-love-is-such-a-crazy-thing-lyrics
P!nk,We’ve Got Scurvy,https://genius.com/P-nk-weve-got-scurvy-lyrics
P!nk,Let Me Let You Know,https://genius.com/P-nk-let-me-let-you-know-lyrics
P!nk,Save My Life,https://genius.com/P-nk-save-my-life-lyrics
P!nk,Hell Wit Ya,https://genius.com/P-nk-hell-wit-ya-lyrics
P!nk,Gone To California,https://genius.com/P-nk-gone-to-california-lyrics
Operación Triunfo 2018,Just Give Me a Reason,https://genius.com/Operacion-triunfo-2018-just-give-me-a-reason-lyrics
P!nk,Hooker,https://genius.com/P-nk-hooker-lyrics
P!nk,Crazy,https://genius.com/P-nk-crazy-lyrics
P!nk,Catch Me While I’m Sleeping,https://genius.com/P-nk-catch-me-while-im-sleeping-lyrics
P!nk,I Touch Myself,https://genius.com/P-nk-i-touch-myself-lyrics
P!nk,Private Show,https://genius.com/P-nk-private-show-lyrics
Glee Cast,Glitter in the Air,https://genius.com/Glee-cast-glitter-in-the-air-lyrics
P!nk,Is It Love,https://genius.com/P-nk-is-it-love-lyrics
Glee Cast,Raise Your Glass (Glee Cast Season 5 Version),https://genius.com/Glee-cast-raise-your-glass-glee-cast-season-5-version-lyrics
P!nk,Try Too Hard,https://genius.com/P-nk-try-too-hard-lyrics
P!nk,Tonight’s the Night,https://genius.com/P-nk-tonights-the-night-lyrics
P!nk,Do What You Do,https://genius.com/P-nk-do-what-you-do-lyrics
P!nk,Waiting for Love,https://genius.com/P-nk-waiting-for-love-lyrics
P!nk,Halfway Gone,https://genius.com/P-nk-halfway-gone-lyrics
P!nk,Sober (Music Video Version),https://genius.com/P-nk-sober-music-video-version-lyrics
Hilary Duff,Outside of You,https://genius.com/Hilary-duff-outside-of-you-lyrics
Cuban Link,Play How You Want,https://genius.com/Cuban-link-play-how-you-want-lyrics
P!nk,Free,https://genius.com/P-nk-free-lyrics
P!nk,Give me a resson,https://genius.com/P-nk-give-me-a-resson-lyrics
P!nk,Humble Neighborhoods,https://genius.com/P-nk-humble-neighborhoods-lyrics
P!nk,"Babe, I’m Gonna Leave You",https://genius.com/P-nk-babe-im-gonna-leave-you-lyrics
P!nk,Walk Away,https://genius.com/P-nk-walk-away-lyrics
P!nk,Bad Bad Day,https://genius.com/P-nk-bad-bad-day-lyrics
P!nk,We Will Rock You (Pepsi Commercial),https://genius.com/P-nk-we-will-rock-you-pepsi-commercial-lyrics
The Beat Bugs,Lucy in the Sky with Diamonds,https://genius.com/The-beat-bugs-lucy-in-the-sky-with-diamonds-lyrics
Taylor Swift,Who Knew / Unpretty,https://genius.com/Taylor-swift-who-knew-unpretty-lyrics
P!nk,Unwind,https://genius.com/P-nk-unwind-lyrics
Michael Franti & Spearhead,One Step Closer to You,https://genius.com/Michael-franti-and-spearhead-one-step-closer-to-you-lyrics
P!nk,Hiccup,https://genius.com/P-nk-hiccup-lyrics
Cascada,Just Like a Pill,https://genius.com/Cascada-just-like-a-pill-lyrics
P!nk,Words,https://genius.com/P-nk-words-lyrics
P!nk,Delirium,https://genius.com/P-nk-delirium-lyrics
Naughty By Nature,What U Wanna Do,https://genius.com/Naughty-by-nature-what-u-wanna-do-lyrics
Alex Goot,Just Give Me A Reason,https://genius.com/Alex-goot-just-give-me-a-reason-lyrics
Rah Digga,Tell Me Why,https://genius.com/Rah-digga-tell-me-why-lyrics
Annie Lennox,Sing,https://genius.com/Annie-lennox-sing-lyrics
P!nk,Crash & Burn,https://genius.com/P-nk-crash-and-burn-lyrics
P!nk,Can’t Help It,https://genius.com/P-nk-cant-help-it-lyrics
P!nk,Highway to Hell,https://genius.com/P-nk-highway-to-hell-lyrics
P!nk,What About Us (Madison Mars Remix),https://genius.com/P-nk-what-about-us-madison-mars-remix-lyrics
Adam Lambert,Whataya Want from Me (Live at ENERGY Berlin 103.4),https://genius.com/Adam-lambert-whataya-want-from-me-live-at-energy-berlin-1034-lyrics
New Breed,Raise Your Glass,https://genius.com/New-breed-raise-your-glass-lyrics
Herbie Hancock,Imagine Intro,https://genius.com/Herbie-hancock-imagine-intro-lyrics
P!nk,Beautiful Trauma (E11even Remix),https://genius.com/P-nk-beautiful-trauma-e11even-remix-lyrics
P!nk,Janie’s Got a Gun,https://genius.com/P-nk-janies-got-a-gun-lyrics
P!nk,What About Us (Barry Harris Remix),https://genius.com/P-nk-what-about-us-barry-harris-remix-lyrics
Mýa,Take A Picture,https://genius.com/Mya-take-a-picture-lyrics
P!nk,Disconnected,https://genius.com/P-nk-disconnected-lyrics
KIDZ BOP Kids,So What,https://genius.com/Kidz-bop-kids-so-what-lyrics
Tevin Campbell,Everything You Are,https://genius.com/Tevin-campbell-everything-you-are-lyrics
P!nk,Please Don’t Leave Me (main),https://genius.com/P-nk-please-dont-leave-me-main-lyrics
Faith Hill,If You’re Gonna Fly Away,https://genius.com/Faith-hill-if-youre-gonna-fly-away-lyrics
P!nk,U + Ur Hand (Bimbo Jones remix),https://genius.com/P-nk-u-ur-hand-bimbo-jones-remix-lyrics
Allison Iraheta,No One Else,https://genius.com/Allison-iraheta-no-one-else-lyrics
P!nk,Try This - Album Art,https://genius.com/P-nk-try-this-album-art-annotated
P!nk,Beautiful Trauma (Kat Krazy Remix),https://genius.com/P-nk-beautiful-trauma-kat-krazy-remix-lyrics
P!nk,Beautiful Trauma (MOTi Remix),https://genius.com/P-nk-beautiful-trauma-moti-remix-lyrics
P!nk,Beautiful Trauma (Nathan Jain Remix),https://genius.com/P-nk-beautiful-trauma-nathan-jain-remix-lyrics
P!nk,Secrets (Syn Cole Remix),https://genius.com/P-nk-secrets-syn-cole-remix-lyrics
P!nk,Walk Me Home (R3HAB Remix),https://genius.com/P-nk-walk-me-home-r3hab-remix-lyrics
Benzino,Nobody Liver,https://genius.com/Benzino-nobody-liver-lyrics
P!nk,Can’t Take Me Home Medley,https://genius.com/P-nk-cant-take-me-home-medley-lyrics
P!nk,You Make Me Sick [Radio Mix],https://genius.com/P-nk-you-make-me-sick-radio-mix-lyrics
P!nk,Whatever You Want (FTampa Remix),https://genius.com/P-nk-whatever-you-want-ftampa-remix-lyrics
Steel Panther,Sweet Child O’ Mine,https://genius.com/Steel-panther-sweet-child-o-mine-lyrics
P!nk,Secrets (Until Dawn Remix),https://genius.com/P-nk-secrets-until-dawn-remix-lyrics
P!nk,Most Girls [Radio Edit],https://genius.com/P-nk-most-girls-radio-edit-lyrics
P!nk,U + Ur Hand [Beatcult Remix],https://genius.com/P-nk-u-ur-hand-beatcult-remix-lyrics
KIDZ BOP Kids,Who Knew,https://genius.com/Kidz-bop-kids-who-knew-lyrics
P!nk,Can We Pretend (Sigala Remix),https://genius.com/P-nk-can-we-pretend-sigala-remix-lyrics
Operación Triunfo 2017,What About Us,https://genius.com/Operacion-triunfo-2017-what-about-us-lyrics
P!nk,Whatever You Want (Embody Remix),https://genius.com/P-nk-whatever-you-want-embody-remix-lyrics
P!nk,Mean - Main Version - Clean,https://genius.com/P-nk-mean-main-version-clean-lyrics
KIDZ BOP Kids,Don’t Let Me Get Me,https://genius.com/Kidz-bop-kids-dont-let-me-get-me-lyrics
P!nk,Secrets (DJ Suri & Chris Daniel Remix),https://genius.com/P-nk-secrets-dj-suri-and-chris-daniel-remix-lyrics
William Horseman,Bad Romance (Fallin’),https://genius.com/William-horseman-bad-romance-fallin-lyrics
P!nk,Please Don’t Leave Me (The Funhouse Freak Show Edition),https://genius.com/P-nk-please-dont-leave-me-the-funhouse-freak-show-edition-lyrics
Cast of Zoey’s Extraordinary Playlist,Just Give Me a Reason,https://genius.com/Cast-of-zoeys-extraordinary-playlist-just-give-me-a-reason-lyrics
P!nk,Dear Mr. President (From I’m Not Dead Live - Wembley Arena),https://genius.com/P-nk-dear-mr-president-from-im-not-dead-live-wembley-arena-lyrics
P!nk,Whatever You Want (Faux Tales Remix),https://genius.com/P-nk-whatever-you-want-faux-tales-remix-lyrics
Pink Lip Bastuurd,BLANK xx,https://genius.com/Pink-lip-bastuurd-blank-xx-lyrics
P!nk,Hurts 2B Human (Midnight Kids Remix),https://genius.com/P-nk-hurts-2b-human-midnight-kids-remix-lyrics
P!nk,"Dear Mr. President (Live From Wembley Arena London, England)",https://genius.com/P-nk-dear-mr-president-live-from-wembley-arena-london-england-lyrics
Rob Sky,Glitter In The Air,https://genius.com/Rob-sky-glitter-in-the-air-lyrics
P!nk,We’ve got scurvy performed by p!nk,https://genius.com/P-nk-weve-got-scurvy-performed-by-p-nk-lyrics
P!nk,Can We Pretend (Yves V Remix),https://genius.com/P-nk-can-we-pretend-yves-v-remix-lyrics
Operación Triunfo 2017,So What,https://genius.com/Operacion-triunfo-2017-so-what-lyrics
P!nk,Secrets (Rescue Rangerz Remix),https://genius.com/P-nk-secrets-rescue-rangerz-remix-lyrics
P!nk,U + Ur Hand [DVD],https://genius.com/P-nk-u-ur-hand-dvd-lyrics
Amanda Mittz,Try,https://genius.com/Amanda-mittz-try-lyrics
P!nk,Dear Mr. President [DVD][Live],https://genius.com/P-nk-dear-mr-president-dvd-live-lyrics
P!nk,U + Ur Hand [DVD][Live],https://genius.com/P-nk-u-ur-hand-dvd-live-lyrics
Seckvno,Nuit,https://genius.com/Seckvno-nuit-lyrics
P!nk,"Who Knew (Live From Wembley Arena London, England)",https://genius.com/P-nk-who-knew-live-from-wembley-arena-london-england-lyrics
P!nk,Words - tom lord-alge alt version,https://genius.com/P-nk-words-tom-lord-alge-alt-version-lyrics
Melanie La Barrie,Fuckin’ Perfect,https://genius.com/Melanie-la-barrie-fuckin-perfect-lyrics
Adam Lambert,Whataya Want From Me (Brad Walsh’s A-Vivir Mix),https://genius.com/Adam-lambert-whataya-want-from-me-brad-walshs-a-vivir-mix-lyrics
Pink Lip Bastuurd,DMT xx,https://genius.com/Pink-lip-bastuurd-dmt-xx-lyrics
India.Arie,I am Not My Hair (Featuring P!nk),https://genius.com/Indiaarie-i-am-not-my-hair-featuring-p-nk-lyrics
Choice (Girl Group),Living In My World,https://genius.com/Choice-girl-group-living-in-my-world-lyrics
P!nk,You Make Me Sick (HQ2 Smooth Vibe vocal mix),https://genius.com/P-nk-you-make-me-sick-hq2-smooth-vibe-vocal-mix-lyrics
Tim Timebomb,Trouble,https://genius.com/Tim-timebomb-trouble-lyrics
Tentional,Indefinitely and beyond!,https://genius.com/Tentional-indefinitely-and-beyond-lyrics
P!nk,You Make Me Sick [HQ2 Club Mix],https://genius.com/P-nk-you-make-me-sick-hq2-club-mix-lyrics
P!nk,Can We Pretend (MOTi Remix),https://genius.com/P-nk-can-we-pretend-moti-remix-lyrics
P!nk,Hurts 2B Human (Kat Krazy Remix),https://genius.com/P-nk-hurts-2b-human-kat-krazy-remix-lyrics
P!nk,Can We Pretend (Bart B More Remix),https://genius.com/P-nk-can-we-pretend-bart-b-more-remix-lyrics
Adam Lambert,Whataya Want From Me (Fonzerelli’s Electro House Club Remix),https://genius.com/Adam-lambert-whataya-want-from-me-fonzerellis-electro-house-club-remix-lyrics
P!nk,Hurts 2B Human (FTampa Remix),https://genius.com/P-nk-hurts-2b-human-ftampa-remix-lyrics
P!nk,You Make Me Sick (Non-Spoken Word edit),https://genius.com/P-nk-you-make-me-sick-non-spoken-word-edit-lyrics
Adam Lambert,Whataya Want From Me (Jason Nevins Electrotek Extended Mix),https://genius.com/Adam-lambert-whataya-want-from-me-jason-nevins-electrotek-extended-mix-lyrics
P!nk,Can We Pretend (Hook N Sling Remix),https://genius.com/P-nk-can-we-pretend-hook-n-sling-remix-lyrics
P!nk,Hurts 2B Human (Frank Pole Remix),https://genius.com/P-nk-hurts-2b-human-frank-pole-remix-lyrics
P!nk,Presidential Inaugural,https://genius.com/P-nk-presidential-inaugural-lyrics
Pink Lip Bastuurd,KATANA$,https://genius.com/Pink-lip-bastuurd-katana-lyrics
P!nk,Hurts 2B Human (Alex Ghenea Remix),https://genius.com/P-nk-hurts-2b-human-alex-ghenea-remix-lyrics
Derrick McBain,Low,https://genius.com/Derrick-mcbain-low-lyrics
Kanada Farito,Rise,https://genius.com/Kanada-farito-rise-lyrics
P!nk,You make me sick (french remix),https://genius.com/P-nk-you-make-me-sick-french-remix-lyrics
Sallabi-Pischtar,Lucid Mor,https://genius.com/Sallabi-pischtar-lucid-mor-lyrics
BlazingBlade,Lex Luthor freestyle,https://genius.com/Blazingblade-lex-luthor-freestyle-lyrics
Gavin Keith,Daydream,https://genius.com/Gavin-keith-daydream-lyrics
Kanada Farito,Reasons Why,https://genius.com/Kanada-farito-reasons-why-lyrics
P!nk,Glitter in the Air (Live at the 52nd Annual Grammy Awards),https://genius.com/P-nk-glitter-in-the-air-live-at-the-52nd-annual-grammy-awards-lyrics
BlazingBlade,Beautiful,https://genius.com/Blazingblade-beautiful-lyrics
Leasi,I Wanna Make Out,https://genius.com/Leasi-i-wanna-make-out-lyrics
Cao Son Nguyen,Just Give Me a Reason,https://genius.com/Cao-son-nguyen-just-give-me-a-reason-lyrics
P!nk,Opening Medley,https://genius.com/P-nk-opening-medley-lyrics
Arku Beats,Sol,https://genius.com/Arku-beats-sol-lyrics
Nicólas Soul,Drive Slow,https://genius.com/Nicolas-soul-drive-slow-lyrics
Tenacious Hood,Sunrise,https://genius.com/Tenacious-hood-sunrise-lyrics
TXMPLE,Distance,https://genius.com/Txmple-distance-lyrics
Shreyas X Shubh,IKKA,https://genius.com/Shreyas-x-shubh-ikka-lyrics
Krxss,P!nk,https://genius.com/Krxss-p-nk-lyrics
KILLBOYSADDY,Saturday,https://genius.com/Killboysaddy-saturday-lyrics
P!nk,Under Pressure,https://genius.com/P-nk-under-pressure-lyrics
M0$h Blac.,THEYTELLMETOCHILLALIL,https://genius.com/M0-h-blac-theytellmetochillalil-lyrics
Kwik Baztard Yitz,Hunt,https://genius.com/Kwik-baztard-yitz-hunt-lyrics
Krxss,Cody’s Mixtape,https://genius.com/Krxss-codys-mixtape-lyrics
Marc Vinyls,Quarantine & Chill,https://genius.com/Marc-vinyls-quarantine-and-chill-lyrics
Skrimish Sober,Ithinkimdonelol (Outro),https://genius.com/Skrimish-sober-ithinkimdonelol-outro-lyricsThe Cure,Just Like Heaven,https://genius.com/The-cure-just-like-heaven-lyrics
The Cure,Friday I’m in Love,https://genius.com/The-cure-friday-im-in-love-lyrics
The Cure,Lovesong,https://genius.com/The-cure-lovesong-lyrics
The Cure,Pictures of You,https://genius.com/The-cure-pictures-of-you-lyrics
The Cure,Boys Don’t Cry,https://genius.com/The-cure-boys-dont-cry-lyrics
The Cure,Lullaby,https://genius.com/The-cure-lullaby-lyrics
The Cure,Disintegration,https://genius.com/The-cure-disintegration-lyrics
Adele,Lovesong,https://genius.com/Adele-lovesong-lyrics
The Cure,Close to Me,https://genius.com/The-cure-close-to-me-lyrics
The Cure,In Between Days,https://genius.com/The-cure-in-between-days-lyrics
The Cure,A Forest,https://genius.com/The-cure-a-forest-lyrics
The Cure,Plainsong,https://genius.com/The-cure-plainsong-lyrics
The Cure,Fascination Street,https://genius.com/The-cure-fascination-street-lyrics
The Cure,The Lovecats,https://genius.com/The-cure-the-lovecats-lyrics
The Cure,A Letter to Elise,https://genius.com/The-cure-a-letter-to-elise-lyrics
The Cure,One Hundred Years,https://genius.com/The-cure-one-hundred-years-lyrics
The Cure,Burn,https://genius.com/The-cure-burn-lyrics
The Cure,Pornography,https://genius.com/The-cure-pornography-lyrics
The Cure,The Same Deep Water as You,https://genius.com/The-cure-the-same-deep-water-as-you-lyrics
The Cure,Killing an Arab,https://genius.com/The-cure-killing-an-arab-lyrics
The Cure,Untitled,https://genius.com/The-cure-untitled-lyrics
The Cure,Closedown,https://genius.com/The-cure-closedown-lyrics
The Cure,Last Dance,https://genius.com/The-cure-last-dance-lyrics
The Cure,A Night Like This,https://genius.com/The-cure-a-night-like-this-lyrics
The Cure,10:15 Saturday Night,https://genius.com/The-cure-10-15-saturday-night-lyrics
The Cure,Prayers for Rain,https://genius.com/The-cure-prayers-for-rain-lyrics
The Cure,Let’s Go to Bed,https://genius.com/The-cure-lets-go-to-bed-lyrics
The Cure,Why Can’t I Be You?,https://genius.com/The-cure-why-cant-i-be-you-lyrics
The Cure,Homesick,https://genius.com/The-cure-homesick-lyrics
The Cure,Six Different Ways,https://genius.com/The-cure-six-different-ways-lyrics
The Cure,How Beautiful You Are,https://genius.com/The-cure-how-beautiful-you-are-lyrics
The Cure,From the Edge of the Deep Green Sea,https://genius.com/The-cure-from-the-edge-of-the-deep-green-sea-lyrics
The Cure,High,https://genius.com/The-cure-high-lyrics
The Cure,Siamese Twins,https://genius.com/The-cure-siamese-twins-lyrics
The Cure,Cold,https://genius.com/The-cure-cold-lyrics
The Cure,Jumping Someone Else’s Train,https://genius.com/The-cure-jumping-someone-elses-train-lyrics
The Cure,Catch,https://genius.com/The-cure-catch-lyrics
The Cure,The Figurehead,https://genius.com/The-cure-the-figurehead-lyrics
The Cure,Fire in Cairo,https://genius.com/The-cure-fire-in-cairo-lyrics
The Cure,M,https://genius.com/The-cure-m-lyrics
The Cure,The Hanging Garden,https://genius.com/The-cure-the-hanging-garden-lyrics
The Cure,The Walk,https://genius.com/The-cure-the-walk-lyrics
The Cure,The Caterpillar,https://genius.com/The-cure-the-caterpillar-lyrics
The Cure,A Strange Day,https://genius.com/The-cure-a-strange-day-lyrics
The Cure,Three Imaginary Boys,https://genius.com/The-cure-three-imaginary-boys-lyrics
The Cure,To Wish Impossible Things,https://genius.com/The-cure-to-wish-impossible-things-lyrics
The Cure,Faith,https://genius.com/The-cure-faith-lyrics
The Cure,The Kiss,https://genius.com/The-cure-the-kiss-lyrics
The Cure,Open,https://genius.com/The-cure-open-lyrics
The Cure,Play for Today,https://genius.com/The-cure-play-for-today-lyrics
The Cure,A Short Term Effect,https://genius.com/The-cure-a-short-term-effect-lyrics
Corey Taylor,Lovesong,https://genius.com/Corey-taylor-lovesong-lyrics
The Cure,Charlotte Sometimes,https://genius.com/The-cure-charlotte-sometimes-lyrics
The Cure,The Last Day of Summer,https://genius.com/The-cure-the-last-day-of-summer-lyrics
The Cure,Seventeen Seconds,https://genius.com/The-cure-seventeen-seconds-lyrics
The Cure,Primary,https://genius.com/The-cure-primary-lyrics
The Cure,All Cats Are Grey,https://genius.com/The-cure-all-cats-are-grey-lyrics
The Cure,All I Want,https://genius.com/The-cure-all-i-want-lyrics
The Cure,Mint Car,https://genius.com/The-cure-mint-car-lyrics
The Cure,Cut Here,https://genius.com/The-cure-cut-here-lyrics
The Cure,Push,https://genius.com/The-cure-push-lyrics
The Cure,The End of the World,https://genius.com/The-cure-the-end-of-the-world-lyrics
The Cure,Doing the Unstuck,https://genius.com/The-cure-doing-the-unstuck-lyrics
The Cure,The Perfect Girl,https://genius.com/The-cure-the-perfect-girl-lyrics
The Cure,If Only Tonight We Could Sleep,https://genius.com/The-cure-if-only-tonight-we-could-sleep-lyrics
The Cure,The Funeral Party,https://genius.com/The-cure-the-funeral-party-lyrics
The Cure,"Hot, Hot, Hot!!!",https://genius.com/The-cure-hot-hot-hot-lyrics
The Cure,Kyoto Song,https://genius.com/The-cure-kyoto-song-lyrics
The Cure,Apart,https://genius.com/The-cure-apart-lyrics
The Cure,Trust,https://genius.com/The-cure-trust-lyrics
The Cure,Out of This World,https://genius.com/The-cure-out-of-this-world-lyrics
The Cure,In Your House,https://genius.com/The-cure-in-your-house-lyrics
The Cure,Secrets,https://genius.com/The-cure-secrets-lyrics
The Cure,Underneath the Stars,https://genius.com/The-cure-underneath-the-stars-lyrics
The Cure,Accuracy,https://genius.com/The-cure-accuracy-lyrics
The Cure,At Night,https://genius.com/The-cure-at-night-lyrics
The Cure,Grinding Halt,https://genius.com/The-cure-grinding-halt-lyrics
The Cure,One More Time,https://genius.com/The-cure-one-more-time-lyrics
The Cure,End,https://genius.com/The-cure-end-lyrics
The Cure,A Thousand Hours,https://genius.com/The-cure-a-thousand-hours-lyrics
The Cure,The Blood,https://genius.com/The-cure-the-blood-lyrics
The Cure,Bloodflowers,https://genius.com/The-cure-bloodflowers-lyrics
The Cure,Maybe Someday,https://genius.com/The-cure-maybe-someday-lyrics
The Cure,The Holy Hour,https://genius.com/The-cure-the-holy-hour-lyrics
The Cure,The Drowning Man,https://genius.com/The-cure-the-drowning-man-lyrics
The Cure,Torture,https://genius.com/The-cure-torture-lyrics
The Cure,Other Voices,https://genius.com/The-cure-other-voices-lyrics
The Cure,The Only One,https://genius.com/The-cure-the-only-one-lyrics
The Cure,Another Day,https://genius.com/The-cure-another-day-lyrics
The Cure,Never Enough,https://genius.com/The-cure-never-enough-lyrics
The Cure,Want,https://genius.com/The-cure-want-lyrics
The Cure,2 Late,https://genius.com/The-cure-2-late-lyrics
The Cure,Subway Song,https://genius.com/The-cure-subway-song-lyrics
The Cure,Sinking,https://genius.com/The-cure-sinking-lyrics
The Cure,The Reasons Why,https://genius.com/The-cure-the-reasons-why-lyrics
The Cure,Cut,https://genius.com/The-cure-cut-lyrics
The Cure,Halo,https://genius.com/The-cure-halo-lyrics
The Cure,Without You,https://genius.com/The-cure-without-you-lyrics
The Cure,This Twilight Garden,https://genius.com/The-cure-this-twilight-garden-lyrics
The Cure,It Can Never Be the Same,https://genius.com/The-cure-it-can-never-be-the-same-lyrics
The Cure,Lost,https://genius.com/The-cure-lost-lyrics
The Cure,So What,https://genius.com/The-cure-so-what-lyrics
The Cure,Foxy Lady,https://genius.com/The-cure-foxy-lady-lyrics
The Cure,Three,https://genius.com/The-cure-three-lyrics
The Cure,Shake Dog Shake,https://genius.com/The-cure-shake-dog-shake-lyrics
The Cure,Object,https://genius.com/The-cure-object-lyrics
The Cure,Shiver and Shake,https://genius.com/The-cure-shiver-and-shake-lyrics
The Cure,Strange Attraction,https://genius.com/The-cure-strange-attraction-lyrics
The Cure,There Is No If...,https://genius.com/The-cure-there-is-no-if-lyrics
The Cure,Just One Kiss,https://genius.com/The-cure-just-one-kiss-lyrics
The Cure,Wrong Number,https://genius.com/The-cure-wrong-number-lyrics
The Cure,39,https://genius.com/The-cure-39-lyrics
The Cure,The Dragon Hunters Song,https://genius.com/The-cure-the-dragon-hunters-song-lyrics
The Cure,Wendy Time,https://genius.com/The-cure-wendy-time-lyrics
The Cure,It’s Not You,https://genius.com/The-cure-its-not-you-lyrics
The Cure,The Snakepit,https://genius.com/The-cure-the-snakepit-lyrics
The Cure,Like Cockatoos,https://genius.com/The-cure-like-cockatoos-lyrics
The Cure,Doubt,https://genius.com/The-cure-doubt-lyrics
The Cure,Hey You!!!,https://genius.com/The-cure-hey-you-lyrics
The Cure,A Reflection,https://genius.com/The-cure-a-reflection-lyrics
The Cure,Plastic Passion,https://genius.com/The-cure-plastic-passion-lyrics
The Cure,The Hungry Ghost,https://genius.com/The-cure-the-hungry-ghost-lyrics
The Cure,Meathook,https://genius.com/The-cure-meathook-lyrics
The Cure,Watching Me Fall,https://genius.com/The-cure-watching-me-fall-lyrics
The Cure,Fight,https://genius.com/The-cure-fight-lyrics
The Cure,Icing Sugar,https://genius.com/The-cure-icing-sugar-lyrics
The Cure,Where the Birds Always Sing,https://genius.com/The-cure-where-the-birds-always-sing-lyrics
The Cure,Jupiter Crash,https://genius.com/The-cure-jupiter-crash-lyrics
The Cure,The Upstairs Room,https://genius.com/The-cure-the-upstairs-room-lyrics
Yo La Tengo,Friday I’m In Love,https://genius.com/Yo-la-tengo-friday-im-in-love-lyrics
The Cure,The Top,https://genius.com/The-cure-the-top-lyrics
The Cure,The Baby Screams,https://genius.com/The-cure-the-baby-screams-lyrics
The Cure,Fear of Ghosts,https://genius.com/The-cure-fear-of-ghosts-lyrics
The Cure,Step Into the Light,https://genius.com/The-cure-step-into-the-light-lyrics
The Cure,The 13th,https://genius.com/The-cure-the-13th-lyrics
The Cure,The Perfect Boy,https://genius.com/The-cure-the-perfect-boy-lyrics
The Cure,Just Say Yes,https://genius.com/The-cure-just-say-yes-lyrics
The Cure,Bird Mad Girl,https://genius.com/The-cure-bird-mad-girl-lyrics
The Cure,The Dream,https://genius.com/The-cure-the-dream-lyrics
The Cure,The Final Sound,https://genius.com/The-cure-the-final-sound-lyrics
The Cure,Screw,https://genius.com/The-cure-screw-lyrics
The Cure,The Loudest Sound,https://genius.com/The-cure-the-loudest-sound-lyrics
The Cure,This Is a Lie,https://genius.com/The-cure-this-is-a-lie-lyrics
The Cure,(I Don’t Know What’s Going) On,https://genius.com/The-cure-i-dont-know-whats-going-on-lyrics
The Cure,To the Sky,https://genius.com/The-cure-to-the-sky-lyrics
The Cure,Dressing Up,https://genius.com/The-cure-dressing-up-lyrics
The Cure,This. Here and Now. With You,https://genius.com/The-cure-this-here-and-now-with-you-lyrics
The Cure,Piggy in the Mirror,https://genius.com/The-cure-piggy-in-the-mirror-lyrics
The Cure,A Chain of Flowers,https://genius.com/The-cure-a-chain-of-flowers-lyrics
The Cure,Lament,https://genius.com/The-cure-lament-lyrics
The Cure,Alt.end,https://genius.com/The-cure-altend-lyrics
The Cure,Bare,https://genius.com/The-cure-bare-lyrics
The Cure,Treasure,https://genius.com/The-cure-treasure-lyrics
The Cure,The Weedy Burton,https://genius.com/The-cure-the-weedy-burton-lyrics
The Cure,Happy Birthday,https://genius.com/The-cure-happy-birthday-lyrics
The Cure,Speak My Language,https://genius.com/The-cure-speak-my-language-lyrics
The Cure,Bananafishbones,https://genius.com/The-cure-bananafishbones-lyrics
The Cure,Us or Them,https://genius.com/The-cure-us-or-them-lyrics
The Cure,World War,https://genius.com/The-cure-world-war-lyrics
The Cure,Gone!,https://genius.com/The-cure-gone-lyrics
The Cure,Breathe,https://genius.com/The-cure-breathe-lyrics
The Cure,Give Me It,https://genius.com/The-cure-give-me-it-lyrics
The Cure,Play,https://genius.com/The-cure-play-lyrics
The Cure,Before Three,https://genius.com/The-cure-before-three-lyrics
The Cure,The Perfect Girl (studio demo),https://genius.com/The-cure-the-perfect-girl-studio-demo-lyrics
The Cure,Numb,https://genius.com/The-cure-numb-lyrics
The Cure,It’s Over,https://genius.com/The-cure-its-over-lyrics
The Cure,Play with Me,https://genius.com/The-cure-play-with-me-lyrics
The Cure,Labyrinth,https://genius.com/The-cure-labyrinth-lyrics
The Cure,Forever,https://genius.com/The-cure-forever-lyrics
The Cure,The Exploding Boy,https://genius.com/The-cure-the-exploding-boy-lyrics
The Cure,Few Hours After This…,https://genius.com/The-cure-few-hours-after-this-lyrics
The Cure,The Promise,https://genius.com/The-cure-the-promise-lyrics
The Cure,Sleep When I’m Dead,https://genius.com/The-cure-sleep-when-im-dead-lyrics
The Cure,Going Nowhere,https://genius.com/The-cure-going-nowhere-lyrics
The Cure,I’m Cold,https://genius.com/The-cure-im-cold-lyrics
The Cure,Home,https://genius.com/The-cure-home-lyrics
The Cure,Wailing Wall,https://genius.com/The-cure-wailing-wall-lyrics
The Cure,Love Will Tear Us Apart,https://genius.com/The-cure-love-will-tear-us-apart-lyrics
The Cure,The Real Snow White,https://genius.com/The-cure-the-real-snow-white-lyrics
The Cure,Inbetween Days (Shiver Mix),https://genius.com/The-cure-inbetween-days-shiver-mix-lyrics
The Cure,Round and Round and Round...,https://genius.com/The-cure-round-and-round-and-round-lyrics
The Cure,Sugar Girl,https://genius.com/The-cure-sugar-girl-lyrics
The Cure,Freakshow,https://genius.com/The-cure-freakshow-lyrics
The Cure,It Used to Be Me,https://genius.com/The-cure-it-used-to-be-me-lyrics
The Cure,Pornography (Live at Hammersmith Odeon),https://genius.com/The-cure-pornography-live-at-hammersmith-odeon-lyrics
The Cure,The Empty World,https://genius.com/The-cure-the-empty-world-lyrics
The Cure,Winter,https://genius.com/The-cure-winter-lyrics
The Cure,Club America,https://genius.com/The-cure-club-america-lyrics
The Cure,Sirensong,https://genius.com/The-cure-sirensong-lyrics
The Cure,More Than This,https://genius.com/The-cure-more-than-this-lyrics
The Cure,Return,https://genius.com/The-cure-return-lyrics
The Cure,Taking Off,https://genius.com/The-cure-taking-off-lyrics
The Cure,Anniversary,https://genius.com/The-cure-anniversary-lyrics
The Cure,Scared as You,https://genius.com/The-cure-scared-as-you-lyrics
The Cure,Why Can’t I Be Me?,https://genius.com/The-cure-why-cant-i-be-me-lyrics
The Cure,Splintered in Her Head,https://genius.com/The-cure-splintered-in-her-head-lyrics
The Cure,The Scream,https://genius.com/The-cure-the-scream-lyrics
The Cure,The Big Hand,https://genius.com/The-cure-the-big-hand-lyrics
Carpathian Forest,A Forest,https://genius.com/Carpathian-forest-a-forest-lyrics
The Cure,Lovesong (Extended Mix),https://genius.com/The-cure-lovesong-extended-mix-lyrics
The Cure,Trap,https://genius.com/The-cure-trap-lyrics
Wolf Alice,Boys,https://genius.com/Wolf-alice-boys-lyrics
The Cure,Babble,https://genius.com/The-cure-babble-lyrics
The Cure,Switch,https://genius.com/The-cure-switch-lyrics
The Cure,Purple Haze,https://genius.com/The-cure-purple-haze-lyrics
The Cure,A Foolish Arrangement,https://genius.com/The-cure-a-foolish-arrangement-lyrics
The Cure,All I Have To Do Is Kill Her,https://genius.com/The-cure-all-i-have-to-do-is-kill-her-lyrics
The Cure,Ocean,https://genius.com/The-cure-ocean-lyrics
The Cure,Adonais,https://genius.com/The-cure-adonais-lyrics
The Cure,50 Ways To Say Goodbye,https://genius.com/The-cure-50-ways-to-say-goodbye-lyrics
The Cure,Signal to Noise,https://genius.com/The-cure-signal-to-noise-lyrics
The Cure,Snow in Summer,https://genius.com/The-cure-snow-in-summer-lyrics
The Cure,A Japanese Dream,https://genius.com/The-cure-a-japanese-dream-lyrics
The Cure,Never,https://genius.com/The-cure-never-lyrics
The Cure,Love,https://genius.com/The-cure-love-lyrics
The Cure,Spilt Milk,https://genius.com/The-cure-spilt-milk-lyrics
The Cure,Dredd Song,https://genius.com/The-cure-dredd-song-lyrics
The Cure,Desperate Journalist,https://genius.com/The-cure-desperate-journalist-lyrics
The Cure,Hello I Love You,https://genius.com/The-cure-hello-i-love-you-lyrics
The Cure,Pictures of You (remix),https://genius.com/The-cure-pictures-of-you-remix-lyrics
The Cure,Truth Goodness and Beauty,https://genius.com/The-cure-truth-goodness-and-beauty-lyrics
The Cure,A Boy I Never Knew,https://genius.com/The-cure-a-boy-i-never-knew-lyrics
The Cure,Do the Hansa,https://genius.com/The-cure-do-the-hansa-lyrics
The Cure,Man Inside My Mouth,https://genius.com/The-cure-man-inside-my-mouth-lyrics
The Cure,I Want to Be Old,https://genius.com/The-cure-i-want-to-be-old-lyrics
The Cure,Pirate ships,https://genius.com/The-cure-pirate-ships-lyrics
The Cure,Out of Mind,https://genius.com/The-cure-out-of-mind-lyrics
The Cure,New Day,https://genius.com/The-cure-new-day-lyrics
The Cure,Lullaby (Extended Mix),https://genius.com/The-cure-lullaby-extended-mix-lyrics
The Cure,Harold and Joe,https://genius.com/The-cure-harold-and-joe-lyrics
SICKBOYRARI,BOYS DONT CRY - COUNTIN SAD FACES,https://genius.com/Sickboyrari-boys-dont-cry-countin-sad-faces-lyrics
The Cure,Stop Dead,https://genius.com/The-cure-stop-dead-lyrics
The Cure,Waiting,https://genius.com/The-cure-waiting-lyrics
The Cure,Close to Me (Closer Mix),https://genius.com/The-cure-close-to-me-closer-mix-lyrics
The Cure,The Hanging Garden (studio demo),https://genius.com/The-cure-the-hanging-garden-studio-demo-lyrics
The Cure,Young Americans,https://genius.com/The-cure-young-americans-lyrics
The Cure,I Just Need Myself,https://genius.com/The-cure-i-just-need-myself-lyrics
The Cure,Lament (Flexipop version),https://genius.com/The-cure-lament-flexipop-version-lyrics
The Cure,Possession,https://genius.com/The-cure-possession-lyrics
The Cure,Fake,https://genius.com/The-cure-fake-lyrics
The Cure,World in My Eyes,https://genius.com/The-cure-world-in-my-eyes-lyrics
The Cure,Killing Another,https://genius.com/The-cure-killing-another-lyrics
The Cure,A Pink Dream,https://genius.com/The-cure-a-pink-dream-lyrics
The Cure,A Man Inside My Mouth (studio demo),https://genius.com/The-cure-a-man-inside-my-mouth-studio-demo-lyrics
The Cure,Temptation Two (RS Studio Demo),https://genius.com/The-cure-temptation-two-rs-studio-demo-lyrics
The Cure,The Cocktail Party (home demo),https://genius.com/The-cure-the-cocktail-party-home-demo-lyrics
The Cure,Happy the Man,https://genius.com/The-cure-happy-the-man-lyrics
The Cure,A Forest (Tree Mix),https://genius.com/The-cure-a-forest-tree-mix-lyrics
The Cure,Pillbox Tales,https://genius.com/The-cure-pillbox-tales-lyrics
The Cure,Pictures of You (Extended Dub Mix),https://genius.com/The-cure-pictures-of-you-extended-dub-mix-lyrics
The Cure,Ariel,https://genius.com/The-cure-ariel-lyrics
The Cure,A Forest (live),https://genius.com/The-cure-a-forest-live-lyrics
The Cure,Pictures of You (RS home demo),https://genius.com/The-cure-pictures-of-you-rs-home-demo-lyrics
The Cure,Faded Smiles,https://genius.com/The-cure-faded-smiles-lyrics
The Cure,This Morning,https://genius.com/The-cure-this-morning-lyrics
The Cure,Throw Your Foot,https://genius.com/The-cure-throw-your-foot-lyrics
The Cure,Coming Up,https://genius.com/The-cure-coming-up-lyrics
The Cure,10:15 Saturday Night (live),https://genius.com/The-cure-10-15-saturday-night-live-lyrics
The Cure,Just Like Heaven (live),https://genius.com/The-cure-just-like-heaven-live-lyrics
The Cure,Another Journey by Train,https://genius.com/The-cure-another-journey-by-train-lyrics
The Cure,Forever (version) (live),https://genius.com/The-cure-forever-version-live-lyrics
The Cure,Temptation (studio demo),https://genius.com/The-cure-temptation-studio-demo-lyrics
The Cure,See The Children,https://genius.com/The-cure-see-the-children-lyrics
Clairo,​in between days,https://genius.com/Clairo-in-between-days-lyrics
The Cure,Close to Me (studio demo),https://genius.com/The-cure-close-to-me-studio-demo-lyrics
The Cure,Fascination Street (Extended Mix),https://genius.com/The-cure-fascination-street-extended-mix-lyrics
The Cure,Caterpilar,https://genius.com/The-cure-caterpilar-lyrics
The Cure,All Mine (Live at Hammersmith Odeon),https://genius.com/The-cure-all-mine-live-at-hammersmith-odeon-lyrics
The Cure,Mr Pink Eyes,https://genius.com/The-cure-mr-pink-eyes-lyrics
The Cure,Tape,https://genius.com/The-cure-tape-lyrics
The Cure,Out of Mind (studio rough),https://genius.com/The-cure-out-of-mind-studio-rough-lyrics
Natalie Imbruglia,Friday I’m In Love,https://genius.com/Natalie-imbruglia-friday-im-in-love-lyrics
The Cure,Lullaby (studio rough),https://genius.com/The-cure-lullaby-studio-rough-lyrics
The Cure,The Walk (Everything Mix),https://genius.com/The-cure-the-walk-everything-mix-lyrics
The Cure,Drive By,https://genius.com/The-cure-drive-by-lyrics
The Cure,Lullaby (remix),https://genius.com/The-cure-lullaby-remix-lyrics
The Cure,10:15 Saturday Night (studio demo),https://genius.com/The-cure-10-15-saturday-night-studio-demo-lyrics
The Cure,Close to Me (Closest mix),https://genius.com/The-cure-close-to-me-closest-mix-lyrics
The Cure,Down Under,https://genius.com/The-cure-down-under-lyrics
The Cure,A Hand Inside My Mouth (studio demo),https://genius.com/The-cure-a-hand-inside-my-mouth-studio-demo-lyrics
The Cure,The Same Deep Water as You (band demo),https://genius.com/The-cure-the-same-deep-water-as-you-band-demo-lyrics
The Cure,A Night Like This (studio demo),https://genius.com/The-cure-a-night-like-this-studio-demo-lyrics
The Cure,A Strange Day (Live at Hammersmith Odeon),https://genius.com/The-cure-a-strange-day-live-at-hammersmith-odeon-lyrics
The Cure,Heroin Face,https://genius.com/The-cure-heroin-face-lyrics
The Cure,Plainsong (studio rough),https://genius.com/The-cure-plainsong-studio-rough-lyrics
The Cure,Friday I’m In Love (Strangelove Mix),https://genius.com/The-cure-friday-im-in-love-strangelove-mix-lyrics
The Cure,Lullaby - remastered,https://genius.com/The-cure-lullaby-remastered-lyrics
Warrel Dane,The Hanging Garden (The Cure cover),https://genius.com/Warrel-dane-the-hanging-garden-the-cure-cover-lyrics
The Cure,Cloudberry,https://genius.com/The-cure-cloudberry-lyrics
The Cure,Disintegration (band demo),https://genius.com/The-cure-disintegration-band-demo-lyrics
The Cure,Jumping On Someone Else’s Train (Single Version),https://genius.com/The-cure-jumping-on-someone-elses-train-single-version-lyrics
The Cure,Untitiled,https://genius.com/The-cure-untitiled-lyrics
The Cure,10:15 Saturday Night (home demo),https://genius.com/The-cure-10-15-saturday-night-home-demo-lyrics
The Cure,Faith (live),https://genius.com/The-cure-faith-live-lyrics
The Cure,Underneath the Stars (Renholdër remix),https://genius.com/The-cure-underneath-the-stars-renholder-remix-lyrics
The Cure,Just One Kiss Lyrics,https://genius.com/The-cure-just-one-kiss-lyrics-lyrics
The Cure,Descent,https://genius.com/The-cure-descent-lyrics
The Cure,The Caterpillar (Flicker Mix),https://genius.com/The-cure-the-caterpillar-flicker-mix-lyrics
The Cure,"At Night (live at Theatre de l’Empire, Paris)",https://genius.com/The-cure-at-night-live-at-theatre-de-lempire-paris-lyrics
The Cure,Never Enough (Big Mix),https://genius.com/The-cure-never-enough-big-mix-lyrics
The Cure,Mint Car (Radio Mix),https://genius.com/The-cure-mint-car-radio-mix-lyrics
The Cure,Six different ways - remastered,https://genius.com/The-cure-six-different-ways-remastered-lyrics
The Cure,Your God Is Fear,https://genius.com/The-cure-your-god-is-fear-lyrics
The Cure,Why Can’t I Be You (Extended Mix),https://genius.com/The-cure-why-cant-i-be-you-extended-mix-lyrics
The Cure,Siamese Twins (live),https://genius.com/The-cure-siamese-twins-live-lyrics
The Cure,Seventeen Seconds (live),https://genius.com/The-cure-seventeen-seconds-live-lyrics
The Cure,Watching Me Fall (Underdog Remix),https://genius.com/The-cure-watching-me-fall-underdog-remix-lyrics
The Cure,Hot Hot Hot!!! (Extended Mix),https://genius.com/The-cure-hot-hot-hot-extended-mix-lyrics
The Cure,Ariel (RS Home Demo),https://genius.com/The-cure-ariel-rs-home-demo-lyrics
The Cure,Heroin Face (live),https://genius.com/The-cure-heroin-face-live-lyrics
The Cure,I Just Need Myself (studio demo),https://genius.com/The-cure-i-just-need-myself-studio-demo-lyrics
Angie Hart,Pictures Of You,https://genius.com/Angie-hart-pictures-of-you-lyrics
The Cure,Subway Song (live),https://genius.com/The-cure-subway-song-live-lyrics
The Cure,Last Dance (studio rough),https://genius.com/The-cure-last-dance-studio-rough-lyrics
The Cure,Just Like Heaven (Dizzy Mix),https://genius.com/The-cure-just-like-heaven-dizzy-mix-lyrics
The Cure,A Short Term Effect (live),https://genius.com/The-cure-a-short-term-effect-live-lyrics
The Cure,The Exploding Boy (studio demo),https://genius.com/The-cure-the-exploding-boy-studio-demo-lyrics
The Cure,The Caterpillar (studio demo),https://genius.com/The-cure-the-caterpillar-studio-demo-lyrics
The Cure,M (live),https://genius.com/The-cure-m-live-lyrics
The Cure,Disintegration (live),https://genius.com/The-cure-disintegration-live-lyrics
The Cure,All Kinds Of Stuff,https://genius.com/The-cure-all-kinds-of-stuff-lyrics
The Cure,NY Trip,https://genius.com/The-cure-ny-trip-lyrics
The Cure,Play for Today (live),https://genius.com/The-cure-play-for-today-live-lyrics
The Cure,I Want to Be Old (studio demo),https://genius.com/The-cure-i-want-to-be-old-studio-demo-lyrics
The Cure,Hello Goodbye,https://genius.com/The-cure-hello-goodbye-lyrics
The Cure,Hello I Love You (Slight Return),https://genius.com/The-cure-hello-i-love-you-slight-return-lyrics
The Cure,I’m Cold (Sav Studio Demo),https://genius.com/The-cure-im-cold-sav-studio-demo-lyrics
The Cure,Carnage Visors,https://genius.com/The-cure-carnage-visors-lyrics
The Cure,Fire in Cairo (studio demo),https://genius.com/The-cure-fire-in-cairo-studio-demo-lyrics
The Cure,Off to Sleep,https://genius.com/The-cure-off-to-sleep-lyrics
The Cure,The Drowning Man (live),https://genius.com/The-cure-the-drowning-man-live-lyrics
The Cure,Hey You!!! (extended remix),https://genius.com/The-cure-hey-you-extended-remix-lyrics
The Cure,Sadacic (RS studio demo),https://genius.com/The-cure-sadacic-rs-studio-demo-lyrics
The Cure,Winter (studio out-take),https://genius.com/The-cure-winter-studio-out-take-lyrics
The Cure,One Hundred Years (studio demo),https://genius.com/The-cure-one-hundred-years-studio-demo-lyrics
The Cure,Close to me - remastered,https://genius.com/The-cure-close-to-me-remastered-lyrics
Viii,Lovesong,https://genius.com/Viii-lovesong-lyrics
Ramin Djawadi,A Forest,https://genius.com/Ramin-djawadi-a-forest-annotated
The Cure,Prayers for Rain (RS home demo),https://genius.com/The-cure-prayers-for-rain-rs-home-demo-lyrics
The Cure,The Figurehead (studio demo),https://genius.com/The-cure-the-figurehead-studio-demo-lyrics
The Cure,Wrong Number (P2P Mix),https://genius.com/The-cure-wrong-number-p2p-mix-lyrics
The Cure,Doing the Unstuck (Saunders 12″ remix),https://genius.com/The-cure-doing-the-unstuck-saunders-12-remix-lyrics
The Cure,Forever (live),https://genius.com/The-cure-forever-live-lyrics
The Cure,The Three Sisters,https://genius.com/The-cure-the-three-sisters-lyrics
The Cure,Uyea Sound,https://genius.com/The-cure-uyea-sound-lyrics
The Cure,Kyoto Song (studio demo),https://genius.com/The-cure-kyoto-song-studio-demo-lyrics
The Cure,Apart (Renholdër remix),https://genius.com/The-cure-apart-renholder-remix-lyrics
The Cure,A Letter to Elise (single mix),https://genius.com/The-cure-a-letter-to-elise-single-mix-lyrics
The Cure,Maybe Someday (Acoustic Mix),https://genius.com/The-cure-maybe-someday-acoustic-mix-lyrics
The Cure,In Your House (live),https://genius.com/The-cure-in-your-house-live-lyrics
The Cure,Never enough - #2,https://genius.com/The-cure-never-enough-2-lyrics
The Cure,Birdmad Girl (studio demo),https://genius.com/The-cure-birdmad-girl-studio-demo-lyrics
Allie Sherlock,Lovesong,https://genius.com/Allie-sherlock-lovesong-lyrics
The Cure,Sinking (live),https://genius.com/The-cure-sinking-live-lyrics
The Cure,Tape (intro),https://genius.com/The-cure-tape-intro-lyrics
The Cure,The Funeral Party (live),https://genius.com/The-cure-the-funeral-party-live-lyrics
The Cure,Untitled (live),https://genius.com/The-cure-untitled-live-lyrics
The Cure,The Blood (live),https://genius.com/The-cure-the-blood-live-lyrics
The Cure,The 13th (Swing radio mix),https://genius.com/The-cure-the-13th-swing-radio-mix-lyrics
The Cure,Airlock: The Soundtrack,https://genius.com/The-cure-airlock-the-soundtrack-lyrics
The Cure,Killing An Arab (Live),https://genius.com/The-cure-killing-an-arab-live-lyrics
The Cure,Grinding Halt (home demo),https://genius.com/The-cure-grinding-halt-home-demo-lyrics
The Cure,The Only One (remix 4),https://genius.com/The-cure-the-only-one-remix-4-lyrics
The Cure,Untitled - remastered,https://genius.com/The-cure-untitled-remastered-lyrics
The Cure,Friday i’m in love - live at bestival/2011,https://genius.com/The-cure-friday-im-in-love-live-at-bestival-2011-lyrics
The Cure,Signal to Noise (acoustic version),https://genius.com/The-cure-signal-to-noise-acoustic-version-lyrics
The Cure,Stop Dead (studio demo),https://genius.com/The-cure-stop-dead-studio-demo-lyrics
The Cure,Fire in Cairo (Digitalism in Cairo remix),https://genius.com/The-cure-fire-in-cairo-digitalism-in-cairo-remix-lyrics
The Cure,Primary (Studio Out-Take),https://genius.com/The-cure-primary-studio-out-take-lyrics
The Cure,The Baby Screams (live),https://genius.com/The-cure-the-baby-screams-live-lyrics
The Cure,The 13th (Killer Bee mix),https://genius.com/The-cure-the-13th-killer-bee-mix-lyrics
The Cure,Hello I Love You (Psychedelic mix),https://genius.com/The-cure-hello-i-love-you-psychedelic-mix-lyrics
The Cure,Freakshow (Wolves at the Gates remix),https://genius.com/The-cure-freakshow-wolves-at-the-gates-remix-lyrics
The Cure,High (higher mix),https://genius.com/The-cure-high-higher-mix-lyrics
The Cure,"A letter to elise - live at zenith, paris",https://genius.com/The-cure-a-letter-to-elise-live-at-zenith-paris-lyrics
The Cure,The 13th (Feels Good mix),https://genius.com/The-cure-the-13th-feels-good-mix-lyrics
The Cure,Just Say Yes (Curve mix),https://genius.com/The-cure-just-say-yes-curve-mix-lyrics
The Cure,A Forest (Mark Plati mix),https://genius.com/The-cure-a-forest-mark-plati-mix-lyrics
The Cure,Lullaby - live at bestival/2011,https://genius.com/The-cure-lullaby-live-at-bestival-2011-lyrics
The Cure,Cut Here (missing remix),https://genius.com/The-cure-cut-here-missing-remix-lyrics
The Cure,A Night Like This (EP),https://genius.com/The-cure-a-night-like-this-ep-lyrics
The Cure,Out of This World (Oakenfold mix),https://genius.com/The-cure-out-of-this-world-oakenfold-mix-lyrics
The Cure,Shake Dog Shake (studio demo),https://genius.com/The-cure-shake-dog-shake-studio-demo-lyrics
The Cure,Push - remastered,https://genius.com/The-cure-push-remastered-lyrics
The Cure,Fascination Street (live),https://genius.com/The-cure-fascination-street-live-lyrics
The Cure,Esten [Band Demo (instrumental)-09/88],https://genius.com/The-cure-esten-band-demo-instrumental-09-88-lyrics
The Cure,Cold (live),https://genius.com/The-cure-cold-live-lyrics
The Cure,This Is a Lie (Ambient Mix),https://genius.com/The-cure-this-is-a-lie-ambient-mix-lyrics
The Cure,The 13th (Two Chord Cool mix),https://genius.com/The-cure-the-13th-two-chord-cool-mix-lyrics
The Cure,Accuracy (live),https://genius.com/The-cure-accuracy-live-lyrics
The Cure,Ching Chang Chong,https://genius.com/The-cure-ching-chang-chong-lyrics
The Cure,Disintegration - live at bestival/2011,https://genius.com/The-cure-disintegration-live-at-bestival-2011-lyrics
The Cure,Secrets (home demo),https://genius.com/The-cure-secrets-home-demo-lyrics
The Cure,A Forest [Remix Mix],https://genius.com/The-cure-a-forest-remix-mix-lyrics
The Cure,How Beautiful You Are (Clearmountain mix),https://genius.com/The-cure-how-beautiful-you-are-clearmountain-mix-lyrics
The Cure,Demise (studio demo),https://genius.com/The-cure-demise-studio-demo-lyrics
The Cure,"Friday i’m in love - live at the palace, auburn hills, michigan",https://genius.com/The-cure-friday-im-in-love-live-at-the-palace-auburn-hills-michigan-lyrics
The Cure,Sleep When I’m Dead (remix 4),https://genius.com/The-cure-sleep-when-im-dead-remix-4-lyrics
Genius,Artist Archive: The Cure,https://genius.com/Genius-artist-archive-the-cure-annotated
The Cure,Hot Hot Hot!!! (studio demo),https://genius.com/The-cure-hot-hot-hot-studio-demo-lyrics
The Cure,One More Time (studio alternative mix),https://genius.com/The-cure-one-more-time-studio-alternative-mix-lyrics
The Cure,Give Me It (Live),https://genius.com/The-cure-give-me-it-live-lyrics
The Cure,Noheart - Band Instrumental Rehearsal,https://genius.com/The-cure-noheart-band-instrumental-rehearsal-lyrics
The Cure,Happy Birthday Simon (Live),https://genius.com/The-cure-happy-birthday-simon-live-lyrics
The Cure,Strange Attraction (Strange mix),https://genius.com/The-cure-strange-attraction-strange-mix-lyrics
The Cure,Other Voices (live),https://genius.com/The-cure-other-voices-live-lyrics
The Cure,The Empty World (live),https://genius.com/The-cure-the-empty-world-live-lyrics
Alberto y Lost Trios Paranoias,Heads Down No-Nonsense Mindless Boogie,https://genius.com/Alberto-y-lost-trios-paranoias-heads-down-no-nonsense-mindless-boogie-lyrics
The Cure,Push (RS home demo),https://genius.com/The-cure-push-rs-home-demo-lyrics
The Cure,Play With Me (studio out-take),https://genius.com/The-cure-play-with-me-studio-out-take-lyrics
The Cure,Catch (live),https://genius.com/The-cure-catch-live-lyrics
The Cure,Like Cockatoos (studio demo),https://genius.com/The-cure-like-cockatoos-studio-demo-lyrics
The Cure,Primary (Red mix),https://genius.com/The-cure-primary-red-mix-lyrics
The Cure,Break (studio demo),https://genius.com/The-cure-break-studio-demo-lyrics
The Cure,The Only One (mix 13),https://genius.com/The-cure-the-only-one-mix-13-lyrics
The Cure,The Holy Hour (group home demo),https://genius.com/The-cure-the-holy-hour-group-home-demo-lyrics
The Cure,Gone! (radio mix),https://genius.com/The-cure-gone-radio-mix-lyrics
The Cure,One Hundred Years (Live),https://genius.com/The-cure-one-hundred-years-live-lyrics
The Cure,Shake dog shake - remastered,https://genius.com/The-cure-shake-dog-shake-remastered-lyrics
The Cure,The Lovecats (instrumental),https://genius.com/The-cure-the-lovecats-instrumental-lyrics
The Cure,Hot Hot Hot!!! (remix),https://genius.com/The-cure-hot-hot-hot-remix-lyrics
The Cure,Purple Haze (Virgin Radio version),https://genius.com/The-cure-purple-haze-virgin-radio-version-lyrics
The Cure,A Forest - Shortened Edit,https://genius.com/The-cure-a-forest-shortened-edit-lyrics
The Cure,It’s Not You (studio demo),https://genius.com/The-cure-its-not-you-studio-demo-lyrics
The Cure,The Walk (live),https://genius.com/The-cure-the-walk-live-lyrics
The Cure,Hey You! (Studio Demo),https://genius.com/The-cure-hey-you-studio-demo-lyrics
The Cure,Close To Me (EP),https://genius.com/The-cure-close-to-me-ep-lyrics
The Cure,In Between Days (45 version),https://genius.com/The-cure-in-between-days-45-version-lyrics
The Cure,Icing Sugar (studio alternative mix),https://genius.com/The-cure-icing-sugar-studio-alternative-mix-lyrics
The Cure,"The figurehead - live at zenith, paris",https://genius.com/The-cure-the-figurehead-live-at-zenith-paris-lyrics
The Cure,Throw Your Foot (studio demo),https://genius.com/The-cure-throw-your-foot-studio-demo-lyrics
The Cure,Six different ways - remastered lp version,https://genius.com/The-cure-six-different-ways-remastered-lp-version-lyrics
The Cure,Piggy in the Mirror (studio demo),https://genius.com/The-cure-piggy-in-the-mirror-studio-demo-lyrics
The Cure,The Perfect Boy (remix 4),https://genius.com/The-cure-the-perfect-boy-remix-4-lyrics
The Cure,Never enough - single version,https://genius.com/The-cure-never-enough-single-version-lyrics
The Cure,"Close to Me (7"" version)",https://genius.com/The-cure-close-to-me-7-version-lyrics
The Cure,Bananafishbones (live),https://genius.com/The-cure-bananafishbones-live-lyrics
The Cure,Prayers for Rain (live),https://genius.com/The-cure-prayers-for-rain-live-lyrics
The Cure,"Why Can’t I Be You? (12"" remix)",https://genius.com/The-cure-why-cant-i-be-you-12-remix-lyrics
The Cure,Kyoto song - remastered,https://genius.com/The-cure-kyoto-song-remastered-lyrics
The Cure,Mint Car (Buskers Mix),https://genius.com/The-cure-mint-car-buskers-mix-lyrics
The Cure,Last Dance (live),https://genius.com/The-cure-last-dance-live-lyrics
The Cure,Let’s Go to Bed (Milk mix),https://genius.com/The-cure-lets-go-to-bed-milk-mix-lyrics
The Cure,Faith (RS home demo),https://genius.com/The-cure-faith-rs-home-demo-lyrics
The Cure,Sinking - remastered,https://genius.com/The-cure-sinking-remastered-lyrics
The Cure,Torture (live),https://genius.com/The-cure-torture-live-lyrics
The Cure,2 Late (Alternative Version) - Band Instrumental Demo,https://genius.com/The-cure-2-late-alternative-version-band-instrumental-demo-lyrics
The Cure,"In your house - live at zenith, paris",https://genius.com/The-cure-in-your-house-live-at-zenith-paris-lyrics
The Cure,Let’s Go to Bed (Old Fashion mix),https://genius.com/The-cure-lets-go-to-bed-old-fashion-mix-lyrics
The Cure,"Play for today - live at zenith, paris",https://genius.com/The-cure-play-for-today-live-at-zenith-paris-lyrics
The Cure,I Just Need Myself - PSL Studio Demo 1/78,https://genius.com/The-cure-i-just-need-myself-psl-studio-demo-1-78-lyrics
The Cure,One Hundred Years (Single),https://genius.com/The-cure-one-hundred-years-single-lyrics
The Cure,At Night (live),https://genius.com/The-cure-at-night-live-lyrics
The Cure,Three (alternate studio mix),https://genius.com/The-cure-three-alternate-studio-mix-lyrics
The Cure,Screw (studio demo),https://genius.com/The-cure-screw-studio-demo-lyrics
The Cure,Pictures Of You [RS Home Demo (instrumental)-04/88],https://genius.com/The-cure-pictures-of-you-rs-home-demo-instrumental-04-88-lyrics
The Cure,High (Cats Meow mix),https://genius.com/The-cure-high-cats-meow-mix-lyrics
The Cure,"Catch - live at zenith, paris",https://genius.com/The-cure-catch-live-at-zenith-paris-lyrics
The Cure,Homesick (live),https://genius.com/The-cure-homesick-live-lyrics
The Cure,Open (Fix mix),https://genius.com/The-cure-open-fix-mix-lyrics
The Cure,"A Letter to Elise (12"" extended remix)",https://genius.com/The-cure-a-letter-to-elise-12-extended-remix-lyrics
The Cure,Mint Car (Electric mix),https://genius.com/The-cure-mint-car-electric-mix-lyrics
The Cure,Happy the Man (studio demo),https://genius.com/The-cure-happy-the-man-studio-demo-lyrics
The Cure,Plainsong - live at bestival/2011,https://genius.com/The-cure-plainsong-live-at-bestival-2011-lyrics
The Cure,Dredd Song (album version),https://genius.com/The-cure-dredd-song-album-version-lyrics
The Cure,Give Me It (studio demo),https://genius.com/The-cure-give-me-it-studio-demo-lyrics
The Cure,Wailing Wall (studio alternative mix),https://genius.com/The-cure-wailing-wall-studio-alternative-mix-lyrics
The Cure,The end of the world - live at bestival/2011,https://genius.com/The-cure-the-end-of-the-world-live-at-bestival-2011-lyrics
The Cure,Grinding Halt - Group Home Demo 4/78,https://genius.com/The-cure-grinding-halt-group-home-demo-4-78-lyrics
The Cure,"A Japanese Dream (12"" remix)",https://genius.com/The-cure-a-japanese-dream-12-remix-lyrics
The Cure,Charlotte sometimes - live version (1984),https://genius.com/The-cure-charlotte-sometimes-live-version-1984-lyrics
The Cure,Doubt (RS home demo),https://genius.com/The-cure-doubt-rs-home-demo-lyrics
The Cure,"Fascination street - live at the palace, auburn hills, michigan",https://genius.com/The-cure-fascination-street-live-at-the-palace-auburn-hills-michigan-lyrics
The Cure,Icing Sugar (New mix),https://genius.com/The-cure-icing-sugar-new-mix-lyrics
The Cure,Lovesong (Single Mix),https://genius.com/The-cure-lovesong-single-mix-lyrics
The Cure,Fight (live),https://genius.com/The-cure-fight-live-lyrics
The Cure,The Expolding Boy,https://genius.com/The-cure-the-expolding-boy-lyrics
The Cure,Three imaginary boys - remastered,https://genius.com/The-cure-three-imaginary-boys-remastered-lyrics
The Cure,Three imaginary boys - remastered lp version,https://genius.com/The-cure-three-imaginary-boys-remastered-lp-version-lyrics
The Cure,The Top (live),https://genius.com/The-cure-the-top-live-lyrics
The Cure,The Kiss (RS home demo),https://genius.com/The-cure-the-kiss-rs-home-demo-lyrics
The Cure,Close to Me (instrumental),https://genius.com/The-cure-close-to-me-instrumental-lyrics
The Cure,Untitled (Alternative Version) - Studio Instrumental Rough,https://genius.com/The-cure-untitled-alternative-version-studio-instrumental-rough-lyrics
The Cure,Last dance - remastered,https://genius.com/The-cure-last-dance-remastered-lyrics
The Cure,The blood - remastered,https://genius.com/The-cure-the-blood-remastered-lyrics
The Cure,Pictures of you - live at wembley 07/89 - remix 07/09,https://genius.com/The-cure-pictures-of-you-live-at-wembley-07-89-remix-07-09-lyrics
The Cure,A Thousand Hours (studio alternative mix),https://genius.com/The-cure-a-thousand-hours-studio-alternative-mix-lyrics
The Cure,"Pictures of you - live at the palace, auburn hills, michigan",https://genius.com/The-cure-pictures-of-you-live-at-the-palace-auburn-hills-michigan-lyrics
The Cure,"Just like heaven - live at the palace, auburn hills, michigan",https://genius.com/The-cure-just-like-heaven-live-at-the-palace-auburn-hills-michigan-lyrics
The Cure,Fascination Street (remix),https://genius.com/The-cure-fascination-street-remix-lyrics
The Cure,Freakshow (mix 13),https://genius.com/The-cure-freakshow-mix-13-lyrics
The Cure,Open - live at bestival/2011,https://genius.com/The-cure-open-live-at-bestival-2011-lyrics
The Cure,The lovecats - live at bestival/2011,https://genius.com/The-cure-the-lovecats-live-at-bestival-2011-lyrics
The Cure,Prayers For Rain [RS Home Demo (instrumental)-04/88],https://genius.com/The-cure-prayers-for-rain-rs-home-demo-instrumental-04-88-lyrics
The Cure,You Really Got Me (Live),https://genius.com/The-cure-you-really-got-me-live-lyrics
The Cure,Push - remastered lp version,https://genius.com/The-cure-push-remastered-lp-version-lyrics
The Cure,"Trust - live at the palace, auburn hills, michigan",https://genius.com/The-cure-trust-live-at-the-palace-auburn-hills-michigan-lyrics
The Cure,"A night like this - live at the palace, auburn hills, michigan",https://genius.com/The-cure-a-night-like-this-live-at-the-palace-auburn-hills-michigan-lyrics
Kaia Wilson,Catch,https://genius.com/Kaia-wilson-catch-lyrics
The Cure,All I Want (studio demo),https://genius.com/The-cure-all-i-want-studio-demo-lyrics
The Cure,Fascination street - live at bestival/2011,https://genius.com/The-cure-fascination-street-live-at-bestival-2011-lyrics
The Cure,"One hundred years - live at zenith, paris",https://genius.com/The-cure-one-hundred-years-live-at-zenith-paris-lyrics
The Cure,Primary - live at bestival/2011,https://genius.com/The-cure-primary-live-at-bestival-2011-lyrics
The Cure,A night like this - live at bestival/2011,https://genius.com/The-cure-a-night-like-this-live-at-bestival-2011-lyrics
The Cure,If Only Tonight We Could Sleep (studio demo),https://genius.com/The-cure-if-only-tonight-we-could-sleep-studio-demo-lyrics
The Cure,Dressing Up (studio alternative mix),https://genius.com/The-cure-dressing-up-studio-alternative-mix-lyrics
Cloudy Skies,Remembering You,https://genius.com/Cloudy-skies-remembering-you-lyrics
The Cure,"At night - live at zenith, paris",https://genius.com/The-cure-at-night-live-at-zenith-paris-lyrics
The Cure,The Snakepit (live),https://genius.com/The-cure-the-snakepit-live-lyrics
The Cure,Prayers for rain - remastered,https://genius.com/The-cure-prayers-for-rain-remastered-lyrics
The Cure,The end of the world - aol session (live),https://genius.com/The-cure-the-end-of-the-world-aol-session-live-lyrics
The Cure,The Same Deep Water As You [Band Demo (instrumental)-09/88],https://genius.com/The-cure-the-same-deep-water-as-you-band-demo-instrumental-09-88-lyrics
The Cure,Hello I Love You (Psychedelic Version),https://genius.com/The-cure-hello-i-love-you-psychedelic-version-lyrics
The Cure,Cold (Live at Hammersmith Odeon),https://genius.com/The-cure-cold-live-at-hammersmith-odeon-lyrics
The Cure,To the Sky (Resurrected mix),https://genius.com/The-cure-to-the-sky-resurrected-mix-lyrics
The Cure,Just Like Heaven (studio demo),https://genius.com/The-cure-just-like-heaven-studio-demo-lyrics
The Cure,In Between Days [RS Home Demo 12/84] [Instrumental],https://genius.com/The-cure-in-between-days-rs-home-demo-12-84-instrumental-lyrics
The Cure,"Doing the unstuck - live at the palace, auburn hills, michigan",https://genius.com/The-cure-doing-the-unstuck-live-at-the-palace-auburn-hills-michigan-lyrics
The Cure,The hungry ghost - live at bestival/2011,https://genius.com/The-cure-the-hungry-ghost-live-at-bestival-2011-lyrics
The Cure,"A Letter to Elise (7"" remix edit)",https://genius.com/The-cure-a-letter-to-elise-7-remix-edit-lyrics
The Cure,The Walk (Razormaid mix),https://genius.com/The-cure-the-walk-razormaid-mix-lyrics
The Cure,Secrets - Group Home Instrumental Demo 1/80,https://genius.com/The-cure-secrets-group-home-instrumental-demo-1-80-lyrics
The Cure,The Figurehead (Rhino Studio Demo),https://genius.com/The-cure-the-figurehead-rhino-studio-demo-lyrics
The Cure,Untitled [(Alt. Version)-Studio Rough (instrumental)-11/88],https://genius.com/The-cure-untitled-alt-version-studio-rough-instrumental-11-88-lyrics
The Cure,Disintegration - Band Instrumental Demo,https://genius.com/The-cure-disintegration-band-instrumental-demo-lyrics
The Cure,Fear Of Ghosts [Band Rehearsal (instrumental)-06/88],https://genius.com/The-cure-fear-of-ghosts-band-rehearsal-instrumental-06-88-lyrics
The Cure,"Tape - live at the palace, auburn hills, michigan",https://genius.com/The-cure-tape-live-at-the-palace-auburn-hills-michigan-lyrics
The Cure,Please Come Home,https://genius.com/The-cure-please-come-home-lyrics
The Cure,Homesick [Band Rehearsal (instrumental)-06/88],https://genius.com/The-cure-homesick-band-rehearsal-instrumental-06-88-lyrics
The Cure,"In between days - live at the palace, auburn hills, michigan",https://genius.com/The-cure-in-between-days-live-at-the-palace-auburn-hills-michigan-lyrics
The Cure,Taking Off (Robert & Simon Version 9-04),https://genius.com/The-cure-taking-off-robert-and-simon-version-9-04-lyrics
The Cure,No Heart [Band Rehearsal (instrumental)-06/88],https://genius.com/The-cure-no-heart-band-rehearsal-instrumental-06-88-lyrics
The Cure,"The walk - live at the palace, auburn hills, michigan",https://genius.com/The-cure-the-walk-live-at-the-palace-auburn-hills-michigan-lyrics
The Cure,Six Different Ways (studio demo),https://genius.com/The-cure-six-different-ways-studio-demo-lyrics
The Cure,The Kiss (Robert Smith Home Demo),https://genius.com/The-cure-the-kiss-robert-smith-home-demo-lyrics
The Cure,Dredd Song (radio edit),https://genius.com/The-cure-dredd-song-radio-edit-lyrics
The Cure,Fascination Street [RS Home Demo (instrumental)-04/88],https://genius.com/The-cure-fascination-street-rs-home-demo-instrumental-04-88-lyrics
The Cure,Object - remastered lp version,https://genius.com/The-cure-object-remastered-lp-version-lyrics
The Cure,The Walk (Infusion mix),https://genius.com/The-cure-the-walk-infusion-mix-lyrics
Paper Gaze,Just Like Heaven,https://genius.com/Paper-gaze-just-like-heaven-lyrics
The Cure,Shake dog shake - live at bestival/2011,https://genius.com/The-cure-shake-dog-shake-live-at-bestival-2011-lyrics
The Cure,The baby screams - remastered,https://genius.com/The-cure-the-baby-screams-remastered-lyrics
The Cure,Babble (Alternative Version) - Studio Instrumental Rough,https://genius.com/The-cure-babble-alternative-version-studio-instrumental-rough-lyrics
The Cure,"Let’s go to bed - live at the palace, auburn hills, michigan",https://genius.com/The-cure-lets-go-to-bed-live-at-the-palace-auburn-hills-michigan-lyrics
The Cure,Close to me - live at bestival/2011,https://genius.com/The-cure-close-to-me-live-at-bestival-2011-lyrics
The Cure,"Open - live at the palace, auburn hills, michigan",https://genius.com/The-cure-open-live-at-the-palace-auburn-hills-michigan-lyrics
The Cure,Close to me - remastered lp version,https://genius.com/The-cure-close-to-me-remastered-lp-version-lyrics
The Cure,One hundred years - live at bestival/2011,https://genius.com/The-cure-one-hundred-years-live-at-bestival-2011-lyrics
The Cure,Closedown [Band Demo (instrumental)-09/88],https://genius.com/The-cure-closedown-band-demo-instrumental-09-88-lyrics
The Cure,Shiver and Shake (studio demo),https://genius.com/The-cure-shiver-and-shake-studio-demo-lyrics
The Cure,The Final Sound (Remastered LP Version),https://genius.com/The-cure-the-final-sound-remastered-lp-version-lyrics
Bean (Blake Mitchell),I won’t say it,https://genius.com/Bean-blake-mitchell-i-wont-say-it-lyrics
